dataset,regime,noise_type,noise_rate,seed,alpha,gamma,score_name,threshold,threshold_direction,baseline_name,baseline_equivalence,prop_coverage,prop_risk,prop_n,prop_k,cert_n,cert_k,cert_risk_ucb,cert_coverage_lcb,certified,certified_coverage_at_alpha,test_coverage,test_risk,reason,delta_total,delta_risk,delta_coverage,delta_allocation,certificate_scope,n_certified_candidates,delta_risk_per_row,delta_coverage_per_row,run_dir,model,epochs,delta,cert_risk_emp,cert_coverage_emp,test_n,test_k,test_accuracy_all,zero_error_min_cert_n,cert_n_minus_zero_error_min_n
cifar10,asym20,asymmetric,0.2,0,0.05,1.0,entropy,0.0159704120442747,<=,srcc_main,,0.3976,0.0492957746478873,994,49,965,47,0.0656310904888254,0.3652461868863348,False,0.0,0.3922,0.0537990821009688,high_cert_error_ucb,0.05,0.0166666666666666,0.0166666666666666,risk_only_legacy,simultaneous_rows,3,0.0166666666666666,0.0166666666666666,runs/srcc_cifar10_asym20_seed0,resnet18,120,0.0166666666666666,0.0487046632124352,0.386,3922.0,211.0,0.8002,80.0,885.0
cifar10,asym20,asymmetric,0.2,0,0.1,0.7,entropy,0.0406167304883139,<=,srcc_main,,0.5432,0.0699558173784977,1358,95,1332,86,0.0804105703905806,0.5113328522749978,True,0.5113328522749978,0.5335,0.0686035613870665,certified,0.05,0.0166666666666666,0.0166666666666666,risk_only_legacy,simultaneous_rows,3,0.0166666666666666,0.0166666666666666,runs/srcc_cifar10_asym20_seed0,resnet18,120,0.0166666666666666,0.0645645645645645,0.5328,5335.0,366.0,0.8002,39.0,1293.0
cifar10,asym20,asymmetric,0.2,1,0.05,1.0,msp,0.9957764889383326,>=,srcc_main,,0.3816,0.0492662473794549,954,47,988,46,0.0629630708578711,0.3743459867129735,False,0.0,0.3743,0.0550360673256745,high_cert_error_ucb,0.05,0.0166666666666666,0.0166666666666666,risk_only_legacy,simultaneous_rows,3,0.0166666666666666,0.0166666666666666,runs/srcc_cifar10_asym20_seed1,resnet18,120,0.0166666666666666,0.0465587044534413,0.3952,3743.0,206.0,0.7979,80.0,908.0
cifar10,asym20,asymmetric,0.2,1,0.1,0.7,entropy,0.0287709301567091,<=,srcc_main,,0.528,0.0689393939393939,1320,91,1261,72,0.0726317859188633,0.4829264284698527,True,0.4829264284698527,0.496,0.0673387096774193,certified,0.05,0.0166666666666666,0.0166666666666666,risk_only_legacy,simultaneous_rows,3,0.0166666666666666,0.0166666666666666,runs/srcc_cifar10_asym20_seed1,resnet18,120,0.0166666666666666,0.0570975416336241,0.5044,4960.0,334.0,0.7979,39.0,1222.0
cifar10,asym20,asymmetric,0.2,2,0.05,1.0,msp,0.9918686759600834,>=,srcc_main,,0.472,0.0491525423728813,1180,58,1115,72,0.0820532025630924,0.4247291885636531,False,0.0,0.4589,0.0592721725866201,high_cert_error_ucb,0.05,0.0166666666666666,0.0166666666666666,risk_only_legacy,simultaneous_rows,3,0.0166666666666666,0.0166666666666666,runs/srcc_cifar10_asym20_seed2,resnet18,120,0.0166666666666666,0.0645739910313901,0.446,4589.0,272.0,0.8077,80.0,1035.0
cifar10,asym20,asymmetric,0.2,2,0.1,0.7,entropy,0.0444667940068843,<=,srcc_main,,0.5784,0.0698478561549101,1446,101,1425,112,0.0951418170721258,0.5486459186803401,True,0.5486459186803401,0.5632,0.0717329545454545,certified,0.05,0.0166666666666666,0.0166666666666666,risk_only_legacy,simultaneous_rows,3,0.0166666666666666,0.0166666666666666,runs/srcc_cifar10_asym20_seed2,resnet18,120,0.0166666666666666,0.0785964912280701,0.57,5632.0,404.0,0.8077,39.0,1386.0
cifar10,clean,symmetric,0.0,0,0.05,1.0,energy,-4.156602306745967,<=,srcc_main,,0.9948,0.0490550864495375,2487,122,2484,98,0.0486154270411234,0.989259519842837,True,0.989259519842837,0.9944,0.0482703137570394,certified,0.05,0.0166666666666666,0.0166666666666666,risk_only_legacy,simultaneous_rows,3,0.0166666666666666,0.0166666666666666,runs/srcc_cifar10_clean_seed0,resnet18,120,0.0166666666666666,0.0394524959742351,0.9936,9944.0,480.0,0.9482,80.0,2404.0
cifar10,clean,symmetric,0.0,0,0.1,0.7,energy,-3.5614808400768005,<=,srcc_main,,1.0,0.0528,2500,132,2499,109,0.0531500003885623,0.9975836649636104,True,0.9975836649636104,0.9986,0.0505707991187662,certified,0.05,0.0166666666666666,0.0166666666666666,risk_only_legacy,simultaneous_rows,3,0.0166666666666666,0.0166666666666666,runs/srcc_cifar10_clean_seed0,resnet18,120,0.0166666666666666,0.0436174469787915,0.9996,9986.0,505.0,0.9482,39.0,2460.0
cifar10,clean,symmetric,0.0,1,0.05,0.7,entropy,0.3748917247781999,<=,srcc_main,,0.9848,0.0349309504467912,2462,86,2457,85,0.04331102087533,0.9763700815228658,True,0.9763700815228658,0.9832,0.0434296175752644,certified,0.05,0.0166666666666666,0.0166666666666666,risk_only_legacy,simultaneous_rows,3,0.0166666666666666,0.0166666666666666,runs/srcc_cifar10_clean_seed1,resnet18,120,0.0166666666666666,0.0345950345950345,0.9828,9832.0,427.0,0.948,80.0,2377.0
cifar10,clean,symmetric,0.0,1,0.1,0.5,energy,-3.193136326856295,<=,srcc_main,,1.0,0.0448,2500,112,2500,105,0.051377959172236,0.998363602535883,True,0.998363602535883,1.0,0.052,certified,0.05,0.0166666666666666,0.0166666666666666,risk_only_legacy,simultaneous_rows,3,0.0166666666666666,0.0166666666666666,runs/srcc_cifar10_clean_seed1,resnet18,120,0.0166666666666666,0.042,1.0,10000.0,520.0,0.948,39.0,2461.0
cifar10,clean,symmetric,0.0,2,0.05,0.7,margin,0.3743629242491985,>=,srcc_main,,0.9788,0.0339190845933796,2447,83,2449,85,0.043451860002525,0.972696238700284,True,0.972696238700284,0.9778,0.0418285948046635,certified,0.05,0.0166666666666666,0.0166666666666666,risk_only_legacy,simultaneous_rows,3,0.0166666666666666,0.0166666666666666,runs/srcc_cifar10_clean_seed2,resnet18,120,0.0166666666666666,0.0347080440996325,0.9796,9778.0,409.0,0.9481,80.0,2369.0
cifar10,clean,symmetric,0.0,2,0.1,0.5,energy,-2.8887997650792023,<=,srcc_main,,1.0,0.0452,2500,113,2500,110,0.0535660678474299,0.998363602535883,True,0.998363602535883,1.0,0.0519,certified,0.05,0.0166666666666666,0.0166666666666666,risk_only_legacy,simultaneous_rows,3,0.0166666666666666,0.0166666666666666,runs/srcc_cifar10_clean_seed2,resnet18,120,0.0166666666666666,0.044,1.0,10000.0,519.0,0.9481,39.0,2461.0
cifar10,sym35,symmetric,0.35,0,0.05,1.0,entropy,0.0034839214370095,<=,srcc_main,,0.1216,0.0493421052631578,304,15,260,17,0.1059999914241893,0.0913505187022528,False,0.0,0.1089,0.0413223140495867,high_cert_error_ucb,0.05,0.0166666666666666,0.0166666666666666,risk_only_legacy,simultaneous_rows,3,0.0166666666666666,0.0166666666666666,runs/srcc_cifar10_sym35_seed0,resnet18,120,0.0166666666666666,0.0653846153846153,0.104,1089.0,45.0,0.6759999999999999,80.0,180.0
cifar10,sym35,symmetric,0.35,0,0.1,1.0,margin,0.9821069098352028,>=,srcc_main,,0.3264,0.0980392156862745,816,80,774,64,0.1062808535557831,0.2899916745261695,False,0.0,0.31,0.0919354838709677,high_cert_error_ucb,0.05,0.0166666666666666,0.0166666666666666,risk_only_legacy,simultaneous_rows,3,0.0166666666666666,0.0166666666666666,runs/srcc_cifar10_sym35_seed0,resnet18,120,0.0166666666666666,0.082687338501292,0.3096,3100.0,285.0,0.6759999999999999,39.0,735.0
cifar10,sym35,symmetric,0.35,1,0.05,1.0,margin,0.9977038264095855,>=,srcc_main,,0.1356,0.0471976401179941,339,16,319,22,0.1055815382232475,0.1137112383450798,False,0.0,0.1267,0.0631412786108918,high_cert_error_ucb,0.05,0.0166666666666666,0.0166666666666666,risk_only_legacy,simultaneous_rows,3,0.0166666666666666,0.0166666666666666,runs/srcc_cifar10_sym35_seed1,resnet18,120,0.0166666666666666,0.0689655172413793,0.1276,1267.0,80.0,0.6700999999999999,80.0,239.0
cifar10,sym35,symmetric,0.35,1,0.1,1.0,margin,0.9479904473009292,>=,srcc_main,,0.4168,0.0988483685220729,1042,103,1028,111,0.1303717969711693,0.3901900153685774,False,0.0,0.4026,0.1234475906607054,high_cert_error_ucb,0.05,0.0166666666666666,0.0166666666666666,risk_only_legacy,simultaneous_rows,3,0.0166666666666666,0.0166666666666666,runs/srcc_cifar10_sym35_seed1,resnet18,120,0.0166666666666666,0.107976653696498,0.4112,4026.0,497.0,0.6700999999999999,39.0,989.0
cifar10,sym35,symmetric,0.35,2,0.05,1.0,margin,0.9980670895978706,>=,srcc_main,,0.1156,0.0484429065743944,289,14,287,16,0.0919796140746519,0.1015607994078321,False,0.0,0.117,0.0504273504273504,high_cert_error_ucb,0.05,0.0166666666666666,0.0166666666666666,risk_only_legacy,simultaneous_rows,3,0.0166666666666666,0.0166666666666666,runs/srcc_cifar10_sym35_seed2,resnet18,120,0.0166666666666666,0.0557491289198606,0.1148,1170.0,59.0,0.6899,80.0,207.0
cifar10,sym35,symmetric,0.35,2,0.1,0.5,margin,0.9980670895978706,>=,srcc_main,,0.1156,0.0484429065743944,289,14,287,16,0.0919796140746519,0.1015607994078321,True,0.1015607994078321,0.117,0.0504273504273504,certified,0.05,0.0166666666666666,0.0166666666666666,risk_only_legacy,simultaneous_rows,3,0.0166666666666666,0.0166666666666666,runs/srcc_cifar10_sym35_seed2,resnet18,120,0.0166666666666666,0.0557491289198606,0.1148,1170.0,59.0,0.6899,39.0,248.0
cifar100,asym20,asymmetric,0.2,0,0.05,0.5,msp,0.995988491249504,>=,srcc_main,,0.1708,0.0234192037470726,427,10,383,10,0.0494857149328364,0.1381478736270826,True,0.1381478736270826,0.1579,0.0278657378087397,certified,0.05,0.0166666666666666,0.0166666666666666,risk_only_legacy,simultaneous_rows,3,0.0166666666666666,0.0166666666666666,runs/srcc_cifar100_asym20_seed0,resnet18,120,0.0166666666666666,0.0261096605744125,0.1532,1579.0,44.0,0.6476999999999999,80.0,303.0
cifar100,asym20,asymmetric,0.2,0,0.1,0.7,entropy,0.0376834749248812,<=,srcc_main,,0.3324,0.0697954271961492,831,58,768,45,0.0793178194769699,0.287637269401068,True,0.287637269401068,0.3168,0.0662878787878787,certified,0.05,0.0166666666666666,0.0166666666666666,risk_only_legacy,simultaneous_rows,3,0.0166666666666666,0.0166666666666666,runs/srcc_cifar100_asym20_seed0,resnet18,120,0.0166666666666666,0.05859375,0.3072,3168.0,210.0,0.6476999999999999,39.0,729.0
cifar100,asym20,asymmetric,0.2,1,0.05,1.0,entropy,0.0165138278677714,<=,srcc_main,,0.242,0.0495867768595041,605,30,558,31,0.0799434708661058,0.2056623395127327,False,0.0,0.2391,0.0455876202425763,high_cert_error_ucb,0.05,0.0166666666666666,0.0166666666666666,risk_only_legacy,simultaneous_rows,3,0.0166666666666666,0.0166666666666666,runs/srcc_cifar100_asym20_seed1,resnet18,120,0.0166666666666666,0.0555555555555555,0.2232,2391.0,109.0,0.6529,80.0,478.0
cifar100,asym20,asymmetric,0.2,1,0.1,0.7,msp,0.9663202671615256,>=,srcc_main,,0.3416,0.0690866510538641,854,59,808,58,0.0935851294743787,0.3033448963457245,True,0.3033448963457245,0.3291,0.064721969006381,certified,0.05,0.0166666666666666,0.0166666666666666,risk_only_legacy,simultaneous_rows,3,0.0166666666666666,0.0166666666666666,runs/srcc_cifar100_asym20_seed1,resnet18,120,0.0166666666666666,0.0717821782178217,0.3232,3291.0,213.0,0.6529,39.0,769.0
cifar100,asym20,asymmetric,0.2,2,0.05,1.0,entropy,0.0253323738656879,<=,srcc_main,,0.272,0.0470588235294117,680,32,684,48,0.0939062059418437,0.2547431060772127,False,0.0,0.2736,0.0486111111111111,high_cert_error_ucb,0.05,0.0166666666666666,0.0166666666666666,risk_only_legacy,simultaneous_rows,3,0.0166666666666666,0.0166666666666666,runs/srcc_cifar100_asym20_seed2,resnet18,120,0.0166666666666666,0.0701754385964912,0.2736,2736.0,133.0,0.649,80.0,604.0
cifar100,asym20,asymmetric,0.2,2,0.1,0.5,entropy,0.0253323738656879,<=,srcc_main,,0.272,0.0470588235294117,680,32,684,48,0.0939062059418437,0.2547431060772127,True,0.2547431060772127,0.2736,0.0486111111111111,certified,0.05,0.0166666666666666,0.0166666666666666,risk_only_legacy,simultaneous_rows,3,0.0166666666666666,0.0166666666666666,runs/srcc_cifar100_asym20_seed2,resnet18,120,0.0166666666666666,0.0701754385964912,0.2736,2736.0,133.0,0.649,39.0,645.0
cifar100,clean,symmetric,0.0,0,0.05,0.5,entropy,0.0291238507550637,<=,srcc_main,,0.4728,0.0245346869712351,1182,29,1116,35,0.0444292226269118,0.425126805229417,True,0.425126805229417,0.4626,0.0296152183311716,certified,0.05,0.0166666666666666,0.0166666666666666,risk_only_legacy,simultaneous_rows,3,0.0166666666666666,0.0166666666666666,runs/srcc_cifar100_clean_seed0,resnet18,120,0.0166666666666666,0.0313620071684587,0.4464,4626.0,137.0,0.7714,80.0,1036.0
cifar100,clean,symmetric,0.0,0,0.1,0.7,msp,0.8158553727067476,>=,srcc_main,,0.6828,0.0691271236086701,1707,118,1670,129,0.0923227645475764,0.647539210708719,True,0.647539210708719,0.6715,0.0769918093819806,certified,0.05,0.0166666666666666,0.0166666666666666,risk_only_legacy,simultaneous_rows,3,0.0166666666666666,0.0166666666666666,runs/srcc_cifar100_clean_seed0,resnet18,120,0.0166666666666666,0.0772455089820359,0.668,6715.0,517.0,0.7714,39.0,1631.0
cifar100,clean,symmetric,0.0,1,0.05,0.7,margin,0.9575223250707912,>=,srcc_main,,0.4968,0.0346215780998389,1242,43,1260,41,0.0449057843331095,0.4825268284130296,True,0.4825268284130296,0.5035,0.0325719960278053,certified,0.05,0.0166666666666666,0.0166666666666666,risk_only_legacy,simultaneous_rows,3,0.0166666666666666,0.0166666666666666,runs/srcc_cifar100_clean_seed1,resnet18,120,0.0166666666666666,0.0325396825396825,0.504,5035.0,164.0,0.7715,80.0,1180.0
cifar100,clean,symmetric,0.0,1,0.1,0.7,margin,0.7865070529331044,>=,srcc_main,,0.6424,0.0684931506849315,1606,110,1627,99,0.0747080446678974,0.6301166185725529,True,0.6301166185725529,0.6442,0.0641105246817758,certified,0.05,0.0166666666666666,0.0166666666666666,risk_only_legacy,simultaneous_rows,3,0.0166666666666666,0.0166666666666666,runs/srcc_cifar100_clean_seed1,resnet18,120,0.0166666666666666,0.0608481868469575,0.6508,6442.0,413.0,0.7715,39.0,1588.0
cifar100,clean,symmetric,0.0,2,0.05,0.5,msp,0.9785138948983304,>=,srcc_main,,0.472,0.0245762711864406,1180,29,1188,43,0.0495458809083638,0.4537913927172209,True,0.4537913927172209,0.4798,0.0293872446852855,certified,0.05,0.0166666666666666,0.0166666666666666,risk_only_legacy,simultaneous_rows,3,0.0166666666666666,0.0166666666666666,runs/srcc_cifar100_clean_seed2,resnet18,120,0.0166666666666666,0.0361952861952862,0.4752,4798.0,141.0,0.7705,80.0,1108.0
cifar100,clean,symmetric,0.0,2,0.1,0.7,margin,0.7490220936700824,>=,srcc_main,,0.6524,0.0698957694665849,1631,114,1650,121,0.0881887463360571,0.6394320046953513,True,0.6394320046953513,0.6645,0.0711813393528969,certified,0.05,0.0166666666666666,0.0166666666666666,risk_only_legacy,simultaneous_rows,3,0.0166666666666666,0.0166666666666666,runs/srcc_cifar100_clean_seed2,resnet18,120,0.0166666666666666,0.0733333333333333,0.66,6645.0,473.0,0.7705,39.0,1611.0
cifar100,sym35,symmetric,0.35,0,0.05,1.0,margin,0.9863133300415484,>=,srcc_main,,0.1508,0.0477453580901856,377,18,341,20,0.0918906159012731,0.1220923093240026,False,0.0,0.1529,0.066710268149117,high_cert_error_ucb,0.05,0.0166666666666666,0.0166666666666666,risk_only_legacy,simultaneous_rows,3,0.0166666666666666,0.0166666666666666,runs/srcc_cifar100_sym35_seed0,resnet18,120,0.0166666666666666,0.0586510263929618,0.1364,1529.0,102.0,0.5332,80.0,261.0
cifar100,sym35,symmetric,0.35,0,0.1,0.5,margin,0.9863133300415484,>=,srcc_main,,0.1508,0.0477453580901856,377,18,341,20,0.0918906159012731,0.1220923093240026,True,0.1220923093240026,0.1529,0.066710268149117,certified,0.05,0.0166666666666666,0.0166666666666666,risk_only_legacy,simultaneous_rows,3,0.0166666666666666,0.0166666666666666,runs/srcc_cifar100_sym35_seed0,resnet18,120,0.0166666666666666,0.0586510263929618,0.1364,1529.0,102.0,0.5332,39.0,302.0
cifar100,sym35,symmetric,0.35,1,0.05,1.0,margin,0.986796670480074,>=,srcc_main,,0.1556,0.0488431876606683,389,19,356,18,0.0812975714907501,0.1278184689579879,False,0.0,0.1559,0.0577293136626042,high_cert_error_ucb,0.05,0.0166666666666666,0.0166666666666666,risk_only_legacy,simultaneous_rows,3,0.0166666666666666,0.0166666666666666,runs/srcc_cifar100_sym35_seed1,resnet18,120,0.0166666666666666,0.0505617977528089,0.1424,1559.0,90.0,0.5326,80.0,276.0
cifar100,sym35,symmetric,0.35,1,0.1,0.5,margin,0.986796670480074,>=,srcc_main,,0.1556,0.0488431876606683,389,19,356,18,0.0812975714907501,0.1278184689579879,True,0.1278184689579879,0.1559,0.0577293136626042,certified,0.05,0.0166666666666666,0.0166666666666666,risk_only_legacy,simultaneous_rows,3,0.0166666666666666,0.0166666666666666,runs/srcc_cifar100_sym35_seed1,resnet18,120,0.0166666666666666,0.0505617977528089,0.1424,1559.0,90.0,0.5326,39.0,317.0
cifar100,sym35,symmetric,0.35,2,0.05,1.0,margin,0.988577072263399,>=,srcc_main,,0.1356,0.0471976401179941,339,16,362,29,0.115969257723324,0.1301114725298218,False,0.0,0.1399,0.0586132952108649,high_cert_error_ucb,0.05,0.0166666666666666,0.0166666666666666,risk_only_legacy,simultaneous_rows,3,0.0166666666666666,0.0166666666666666,runs/srcc_cifar100_sym35_seed2,resnet18,120,0.0166666666666666,0.080110497237569,0.1448,1399.0,82.0,0.5322,80.0,282.0
cifar100,sym35,symmetric,0.35,2,0.1,1.0,entropy,0.0561630772160111,<=,srcc_main,,0.2472,0.0987055016181229,618,61,601,64,0.1363618848916696,0.222373985340078,False,0.0,0.2446,0.0915780866721177,high_cert_error_ucb,0.05,0.0166666666666666,0.0166666666666666,risk_only_legacy,simultaneous_rows,3,0.0166666666666666,0.0166666666666666,runs/srcc_cifar100_sym35_seed2,resnet18,120,0.0166666666666666,0.1064891846921797,0.2404,2446.0,224.0,0.5322,39.0,562.0
cifar100,asym20,asymmetric,0.2,0,0.05,1.0,entropy,0.0179724566226459,<=,no_buffer_proposal,gamma_1_srcc_row,0.2572,0.046656298600311,643,30,582,25,0.0645528382958845,0.2149846133356489,False,0.0,0.2409,0.0464923204649232,high_cert_error_ucb,0.05,0.0166666666666666,0.0166666666666666,risk_only_legacy,simultaneous_rows,3,0.0166666666666666,0.0166666666666666,runs/srcc_cifar100_asym20_seed0,resnet18,120,0.0166666666666666,0.0429553264604811,0.2328,2409.0,112.0,0.6476999999999999,80.0,502.0
cifar100,asym20,asymmetric,0.2,0,0.1,1.0,msp,0.9218443403808608,>=,no_buffer_proposal,gamma_1_srcc_row,0.4368,0.0998168498168498,1092,109,1018,85,0.1038593681925097,0.3862268500775607,False,0.0,0.4164,0.090057636887608,high_cert_error_ucb,0.05,0.0166666666666666,0.0166666666666666,risk_only_legacy,simultaneous_rows,3,0.0166666666666666,0.0166666666666666,runs/srcc_cifar100_asym20_seed0,resnet18,120,0.0166666666666666,0.0834970530451866,0.4072,4164.0,375.0,0.6476999999999999,39.0,979.0
cifar100,asym20,asymmetric,0.2,1,0.05,1.0,entropy,0.0165138278677714,<=,no_buffer_proposal,gamma_1_srcc_row,0.242,0.0495867768595041,605,30,558,31,0.0799434708661058,0.2056623395127327,False,0.0,0.2391,0.0455876202425763,high_cert_error_ucb,0.05,0.0166666666666666,0.0166666666666666,risk_only_legacy,simultaneous_rows,3,0.0166666666666666,0.0166666666666666,runs/srcc_cifar100_asym20_seed1,resnet18,120,0.0166666666666666,0.0555555555555555,0.2232,2391.0,109.0,0.6529,80.0,478.0
cifar100,asym20,asymmetric,0.2,1,0.1,1.0,msp,0.8973472887984022,>=,no_buffer_proposal,gamma_1_srcc_row,0.462,0.0995670995670995,1155,115,1126,123,0.1306532189163945,0.4291037327015375,False,0.0,0.4507,0.0987353006434435,high_cert_error_ucb,0.05,0.0166666666666666,0.0166666666666666,risk_only_legacy,simultaneous_rows,3,0.0166666666666666,0.0166666666666666,runs/srcc_cifar100_asym20_seed1,resnet18,120,0.0166666666666666,0.1092362344582593,0.4504,4507.0,445.0,0.6529,39.0,1087.0
cifar100,asym20,asymmetric,0.2,2,0.05,1.0,entropy,0.0253323738656879,<=,no_buffer_proposal,gamma_1_srcc_row,0.272,0.0470588235294117,680,32,684,48,0.0939062059418437,0.2547431060772127,False,0.0,0.2736,0.0486111111111111,high_cert_error_ucb,0.05,0.0166666666666666,0.0166666666666666,risk_only_legacy,simultaneous_rows,3,0.0166666666666666,0.0166666666666666,runs/srcc_cifar100_asym20_seed2,resnet18,120,0.0166666666666666,0.0701754385964912,0.2736,2736.0,133.0,0.649,80.0,604.0
cifar100,asym20,asymmetric,0.2,2,0.1,1.0,msp,0.903456963637902,>=,no_buffer_proposal,gamma_1_srcc_row,0.4416,0.0996376811594202,1104,110,1117,141,0.1489664354584298,0.4255244357388017,False,0.0,0.443,0.0993227990970654,high_cert_error_ucb,0.05,0.0166666666666666,0.0166666666666666,risk_only_legacy,simultaneous_rows,3,0.0166666666666666,0.0166666666666666,runs/srcc_cifar100_asym20_seed2,resnet18,120,0.0166666666666666,0.126230975828111,0.4468,4430.0,440.0,0.649,39.0,1078.0
cifar100,clean,symmetric,0.0,0,0.05,1.0,margin,0.8715674941426079,>=,no_buffer_proposal,gamma_1_srcc_row,0.6024,0.049136786188579,1506,74,1471,89,0.0751148609789701,0.567146449852005,False,0.0,0.5977,0.0523674083988623,high_cert_error_ucb,0.05,0.0166666666666666,0.0166666666666666,risk_only_legacy,simultaneous_rows,3,0.0166666666666666,0.0166666666666666,runs/srcc_cifar100_clean_seed0,resnet18,120,0.0166666666666666,0.0605030591434398,0.5884,5977.0,313.0,0.7714,80.0,1391.0
cifar100,clean,symmetric,0.0,0,0.1,1.0,msp,0.68135959974781,>=,no_buffer_proposal,gamma_1_srcc_row,0.7628,0.0996329313057157,1907,190,1869,197,0.1215086772821431,0.7285841210939821,False,0.0,0.7456,0.104881974248927,high_cert_error_ucb,0.05,0.0166666666666666,0.0166666666666666,risk_only_legacy,simultaneous_rows,3,0.0166666666666666,0.0166666666666666,runs/srcc_cifar100_clean_seed0,resnet18,120,0.0166666666666666,0.1054039593365436,0.7476,7456.0,782.0,0.7714,39.0,1830.0
cifar100,clean,symmetric,0.0,1,0.05,1.0,margin,0.9047381808642064,>=,no_buffer_proposal,gamma_1_srcc_row,0.5624,0.0476529160739687,1406,67,1422,64,0.0581885244950702,0.547440397554583,False,0.0,0.5666,0.0439463466290151,high_cert_error_ucb,0.05,0.0166666666666666,0.0166666666666666,risk_only_legacy,simultaneous_rows,3,0.0166666666666666,0.0166666666666666,runs/srcc_cifar100_clean_seed1,resnet18,120,0.0166666666666666,0.0450070323488045,0.5688,5666.0,249.0,0.7715,80.0,1342.0
cifar100,clean,symmetric,0.0,1,0.1,1.0,margin,0.5628908681558165,>=,no_buffer_proposal,gamma_1_srcc_row,0.7328,0.0998908296943231,1832,183,1841,173,0.1094708355243065,0.7171360524112251,False,0.0,0.7341,0.0956272987331426,high_cert_error_ucb,0.05,0.0166666666666666,0.0166666666666666,risk_only_legacy,simultaneous_rows,3,0.0166666666666666,0.0166666666666666,runs/srcc_cifar100_clean_seed1,resnet18,120,0.0166666666666666,0.0939706681151548,0.7364,7341.0,702.0,0.7715,39.0,1802.0
cifar100,clean,symmetric,0.0,2,0.05,1.0,margin,0.8614816273178652,>=,no_buffer_proposal,gamma_1_srcc_row,0.5924,0.049966239027684,1481,74,1512,87,0.0716379943166233,0.5836614848899104,False,0.0,0.6037,0.0526751697863177,high_cert_error_ucb,0.05,0.0166666666666666,0.0166666666666666,risk_only_legacy,simultaneous_rows,3,0.0166666666666666,0.0166666666666666,runs/srcc_cifar100_clean_seed2,resnet18,120,0.0166666666666666,0.0575396825396825,0.6048,6037.0,318.0,0.7705,80.0,1432.0
cifar100,clean,symmetric,0.0,2,0.1,1.0,msp,0.6558339078758824,>=,no_buffer_proposal,gamma_1_srcc_row,0.758,0.0997361477572559,1895,189,1864,208,0.1280867903465029,0.7265386514490957,False,0.0,0.7507,0.1052351138936992,high_cert_error_ucb,0.05,0.0166666666666666,0.0166666666666666,risk_only_legacy,simultaneous_rows,3,0.0166666666666666,0.0166666666666666,runs/srcc_cifar100_clean_seed2,resnet18,120,0.0166666666666666,0.111587982832618,0.7456,7507.0,790.0,0.7705,39.0,1825.0
cifar100,sym35,symmetric,0.35,0,0.05,1.0,margin,0.9863133300415484,>=,no_buffer_proposal,gamma_1_srcc_row,0.1508,0.0477453580901856,377,18,341,20,0.0918906159012731,0.1220923093240026,False,0.0,0.1529,0.066710268149117,high_cert_error_ucb,0.05,0.0166666666666666,0.0166666666666666,risk_only_legacy,simultaneous_rows,3,0.0166666666666666,0.0166666666666666,runs/srcc_cifar100_sym35_seed0,resnet18,120,0.0166666666666666,0.0586510263929618,0.1364,1529.0,102.0,0.5332,80.0,261.0
cifar100,sym35,symmetric,0.35,0,0.1,1.0,margin,0.9112324365128758,>=,no_buffer_proposal,gamma_1_srcc_row,0.2812,0.0995732574679943,703,70,644,76,0.1478818889305826,0.2391259921862272,False,0.0,0.2835,0.1065255731922398,high_cert_error_ucb,0.05,0.0166666666666666,0.0166666666666666,risk_only_legacy,simultaneous_rows,3,0.0166666666666666,0.0166666666666666,runs/srcc_cifar100_sym35_seed0,resnet18,120,0.0166666666666666,0.1180124223602484,0.2576,2835.0,302.0,0.5332,39.0,605.0
cifar100,sym35,symmetric,0.35,1,0.05,1.0,margin,0.986796670480074,>=,no_buffer_proposal,gamma_1_srcc_row,0.1556,0.0488431876606683,389,19,356,18,0.0812975714907501,0.1278184689579879,False,0.0,0.1559,0.0577293136626042,high_cert_error_ucb,0.05,0.0166666666666666,0.0166666666666666,risk_only_legacy,simultaneous_rows,3,0.0166666666666666,0.0166666666666666,runs/srcc_cifar100_sym35_seed1,resnet18,120,0.0166666666666666,0.0505617977528089,0.1424,1559.0,90.0,0.5326,80.0,276.0
cifar100,sym35,symmetric,0.35,1,0.1,1.0,msp,0.9344803981549296,>=,no_buffer_proposal,gamma_1_srcc_row,0.2864,0.0991620111731843,716,71,710,85,0.1481871262320718,0.2649108197753568,False,0.0,0.288,0.1111111111111111,high_cert_error_ucb,0.05,0.0166666666666666,0.0166666666666666,risk_only_legacy,simultaneous_rows,3,0.0166666666666666,0.0166666666666666,runs/srcc_cifar100_sym35_seed1,resnet18,120,0.0166666666666666,0.1197183098591549,0.284,2880.0,320.0,0.5326,39.0,671.0
cifar100,sym35,symmetric,0.35,2,0.05,1.0,margin,0.988577072263399,>=,no_buffer_proposal,gamma_1_srcc_row,0.1356,0.0471976401179941,339,16,362,29,0.115969257723324,0.1301114725298218,False,0.0,0.1399,0.0586132952108649,high_cert_error_ucb,0.05,0.0166666666666666,0.0166666666666666,risk_only_legacy,simultaneous_rows,3,0.0166666666666666,0.0166666666666666,runs/srcc_cifar100_sym35_seed2,resnet18,120,0.0166666666666666,0.080110497237569,0.1448,1399.0,82.0,0.5322,80.0,282.0
cifar100,sym35,symmetric,0.35,2,0.1,1.0,entropy,0.0561630772160111,<=,no_buffer_proposal,gamma_1_srcc_row,0.2472,0.0987055016181229,618,61,601,64,0.1363618848916696,0.222373985340078,False,0.0,0.2446,0.0915780866721177,high_cert_error_ucb,0.05,0.0166666666666666,0.0166666666666666,risk_only_legacy,simultaneous_rows,3,0.0166666666666666,0.0166666666666666,runs/srcc_cifar100_sym35_seed2,resnet18,120,0.0166666666666666,0.1064891846921797,0.2404,2446.0,224.0,0.5322,39.0,562.0
cifar10,asym20,asymmetric,0.2,0,0.05,1.0,entropy,0.0159704120442747,<=,no_buffer_proposal,gamma_1_srcc_row,0.3976,0.0492957746478873,994,49,965,47,0.0656310904888254,0.3652461868863348,False,0.0,0.3922,0.0537990821009688,high_cert_error_ucb,0.05,0.0166666666666666,0.0166666666666666,risk_only_legacy,simultaneous_rows,3,0.0166666666666666,0.0166666666666666,runs/srcc_cifar10_asym20_seed0,resnet18,120,0.0166666666666666,0.0487046632124352,0.386,3922.0,211.0,0.8002,80.0,885.0
cifar10,asym20,asymmetric,0.2,0,0.1,1.0,msp,0.930313613864336,>=,no_buffer_proposal,gamma_1_srcc_row,0.7128,0.0987654320987654,1782,176,1729,165,0.1115597306088707,0.6714938710813749,False,0.0,0.7052,0.1073454339194554,high_cert_error_ucb,0.05,0.0166666666666666,0.0166666666666666,risk_only_legacy,simultaneous_rows,3,0.0166666666666666,0.0166666666666666,runs/srcc_cifar10_asym20_seed0,resnet18,120,0.0166666666666666,0.0954308849045691,0.6916,7052.0,757.0,0.8002,39.0,1690.0
cifar10,asym20,asymmetric,0.2,1,0.05,1.0,msp,0.9957764889383326,>=,no_buffer_proposal,gamma_1_srcc_row,0.3816,0.0492662473794549,954,47,988,46,0.0629630708578711,0.3743459867129735,False,0.0,0.3743,0.0550360673256745,high_cert_error_ucb,0.05,0.0166666666666666,0.0166666666666666,risk_only_legacy,simultaneous_rows,3,0.0166666666666666,0.0166666666666666,runs/srcc_cifar10_asym20_seed1,resnet18,120,0.0166666666666666,0.0465587044534413,0.3952,3743.0,206.0,0.7979,80.0,908.0
cifar10,asym20,asymmetric,0.2,1,0.1,1.0,msp,0.944658489193265,>=,no_buffer_proposal,gamma_1_srcc_row,0.7076,0.0994912379875636,1769,176,1742,172,0.1150235598022671,0.6767799649039759,False,0.0,0.6875,0.1037090909090909,high_cert_error_ucb,0.05,0.0166666666666666,0.0166666666666666,risk_only_legacy,simultaneous_rows,3,0.0166666666666666,0.0166666666666666,runs/srcc_cifar10_asym20_seed1,resnet18,120,0.0166666666666666,0.0987370838117106,0.6968,6875.0,713.0,0.7979,39.0,1703.0
cifar10,asym20,asymmetric,0.2,2,0.05,1.0,msp,0.9918686759600834,>=,no_buffer_proposal,gamma_1_srcc_row,0.472,0.0491525423728813,1180,58,1115,72,0.0820532025630924,0.4247291885636531,False,0.0,0.4589,0.0592721725866201,high_cert_error_ucb,0.05,0.0166666666666666,0.0166666666666666,risk_only_legacy,simultaneous_rows,3,0.0166666666666666,0.0166666666666666,runs/srcc_cifar10_asym20_seed2,resnet18,120,0.0166666666666666,0.0645739910313901,0.446,4589.0,272.0,0.8077,80.0,1035.0
cifar10,asym20,asymmetric,0.2,2,0.1,1.0,msp,0.931971278452505,>=,no_buffer_proposal,gamma_1_srcc_row,0.7176,0.0992196209587513,1794,178,1779,189,0.1228244127566729,0.6918413386365712,False,0.0,0.7124,0.1030320044918585,high_cert_error_ucb,0.05,0.0166666666666666,0.0166666666666666,risk_only_legacy,simultaneous_rows,3,0.0166666666666666,0.0166666666666666,runs/srcc_cifar10_asym20_seed2,resnet18,120,0.0166666666666666,0.1062394603709949,0.7116,7124.0,734.0,0.8077,39.0,1740.0
cifar10,clean,symmetric,0.0,0,0.05,1.0,energy,-4.156602306745967,<=,no_buffer_proposal,gamma_1_srcc_row,0.9948,0.0490550864495375,2487,122,2484,98,0.0486154270411234,0.989259519842837,True,0.989259519842837,0.9944,0.0482703137570394,certified,0.05,0.0166666666666666,0.0166666666666666,risk_only_legacy,simultaneous_rows,3,0.0166666666666666,0.0166666666666666,runs/srcc_cifar10_clean_seed0,resnet18,120,0.0166666666666666,0.0394524959742351,0.9936,9944.0,480.0,0.9482,80.0,2404.0
cifar10,clean,symmetric,0.0,0,0.1,1.0,energy,-3.5614808400768005,<=,no_buffer_proposal,gamma_1_srcc_row,1.0,0.0528,2500,132,2499,109,0.0531500003885623,0.9975836649636104,True,0.9975836649636104,0.9986,0.0505707991187662,certified,0.05,0.0166666666666666,0.0166666666666666,risk_only_legacy,simultaneous_rows,3,0.0166666666666666,0.0166666666666666,runs/srcc_cifar10_clean_seed0,resnet18,120,0.0166666666666666,0.0436174469787915,0.9996,9986.0,505.0,0.9482,39.0,2460.0
cifar10,clean,symmetric,0.0,1,0.05,1.0,energy,-3.193136326856295,<=,no_buffer_proposal,gamma_1_srcc_row,1.0,0.0448,2500,112,2500,105,0.051377959172236,0.998363602535883,False,0.0,1.0,0.052,high_cert_error_ucb,0.05,0.0166666666666666,0.0166666666666666,risk_only_legacy,simultaneous_rows,3,0.0166666666666666,0.0166666666666666,runs/srcc_cifar10_clean_seed1,resnet18,120,0.0166666666666666,0.042,1.0,10000.0,520.0,0.948,80.0,2420.0
cifar10,clean,symmetric,0.0,1,0.1,1.0,energy,-3.193136326856295,<=,no_buffer_proposal,gamma_1_srcc_row,1.0,0.0448,2500,112,2500,105,0.051377959172236,0.998363602535883,True,0.998363602535883,1.0,0.052,certified,0.05,0.0166666666666666,0.0166666666666666,risk_only_legacy,simultaneous_rows,3,0.0166666666666666,0.0166666666666666,runs/srcc_cifar10_clean_seed1,resnet18,120,0.0166666666666666,0.042,1.0,10000.0,520.0,0.948,39.0,2461.0
cifar10,clean,symmetric,0.0,2,0.05,1.0,energy,-2.8887997650792023,<=,no_buffer_proposal,gamma_1_srcc_row,1.0,0.0452,2500,113,2500,110,0.0535660678474299,0.998363602535883,False,0.0,1.0,0.0519,high_cert_error_ucb,0.05,0.0166666666666666,0.0166666666666666,risk_only_legacy,simultaneous_rows,3,0.0166666666666666,0.0166666666666666,runs/srcc_cifar10_clean_seed2,resnet18,120,0.0166666666666666,0.044,1.0,10000.0,519.0,0.9481,80.0,2420.0
cifar10,clean,symmetric,0.0,2,0.1,1.0,energy,-2.8887997650792023,<=,no_buffer_proposal,gamma_1_srcc_row,1.0,0.0452,2500,113,2500,110,0.0535660678474299,0.998363602535883,True,0.998363602535883,1.0,0.0519,certified,0.05,0.0166666666666666,0.0166666666666666,risk_only_legacy,simultaneous_rows,3,0.0166666666666666,0.0166666666666666,runs/srcc_cifar10_clean_seed2,resnet18,120,0.0166666666666666,0.044,1.0,10000.0,519.0,0.9481,39.0,2461.0
cifar10,sym35,symmetric,0.35,0,0.05,1.0,entropy,0.0034839214370095,<=,no_buffer_proposal,gamma_1_srcc_row,0.1216,0.0493421052631578,304,15,260,17,0.1059999914241893,0.0913505187022528,False,0.0,0.1089,0.0413223140495867,high_cert_error_ucb,0.05,0.0166666666666666,0.0166666666666666,risk_only_legacy,simultaneous_rows,3,0.0166666666666666,0.0166666666666666,runs/srcc_cifar10_sym35_seed0,resnet18,120,0.0166666666666666,0.0653846153846153,0.104,1089.0,45.0,0.6759999999999999,80.0,180.0
cifar10,sym35,symmetric,0.35,0,0.1,1.0,margin,0.9821069098352028,>=,no_buffer_proposal,gamma_1_srcc_row,0.3264,0.0980392156862745,816,80,774,64,0.1062808535557831,0.2899916745261695,False,0.0,0.31,0.0919354838709677,high_cert_error_ucb,0.05,0.0166666666666666,0.0166666666666666,risk_only_legacy,simultaneous_rows,3,0.0166666666666666,0.0166666666666666,runs/srcc_cifar10_sym35_seed0,resnet18,120,0.0166666666666666,0.082687338501292,0.3096,3100.0,285.0,0.6759999999999999,39.0,735.0
cifar10,sym35,symmetric,0.35,1,0.05,1.0,margin,0.9977038264095855,>=,no_buffer_proposal,gamma_1_srcc_row,0.1356,0.0471976401179941,339,16,319,22,0.1055815382232475,0.1137112383450798,False,0.0,0.1267,0.0631412786108918,high_cert_error_ucb,0.05,0.0166666666666666,0.0166666666666666,risk_only_legacy,simultaneous_rows,3,0.0166666666666666,0.0166666666666666,runs/srcc_cifar10_sym35_seed1,resnet18,120,0.0166666666666666,0.0689655172413793,0.1276,1267.0,80.0,0.6700999999999999,80.0,239.0
cifar10,sym35,symmetric,0.35,1,0.1,1.0,margin,0.9479904473009292,>=,no_buffer_proposal,gamma_1_srcc_row,0.4168,0.0988483685220729,1042,103,1028,111,0.1303717969711693,0.3901900153685774,False,0.0,0.4026,0.1234475906607054,high_cert_error_ucb,0.05,0.0166666666666666,0.0166666666666666,risk_only_legacy,simultaneous_rows,3,0.0166666666666666,0.0166666666666666,runs/srcc_cifar10_sym35_seed1,resnet18,120,0.0166666666666666,0.107976653696498,0.4112,4026.0,497.0,0.6700999999999999,39.0,989.0
cifar10,sym35,symmetric,0.35,2,0.05,1.0,margin,0.9980670895978706,>=,no_buffer_proposal,gamma_1_srcc_row,0.1156,0.0484429065743944,289,14,287,16,0.0919796140746519,0.1015607994078321,False,0.0,0.117,0.0504273504273504,high_cert_error_ucb,0.05,0.0166666666666666,0.0166666666666666,risk_only_legacy,simultaneous_rows,3,0.0166666666666666,0.0166666666666666,runs/srcc_cifar10_sym35_seed2,resnet18,120,0.0166666666666666,0.0557491289198606,0.1148,1170.0,59.0,0.6899,80.0,207.0
cifar10,sym35,symmetric,0.35,2,0.1,1.0,msp,0.95464459990727,>=,no_buffer_proposal,gamma_1_srcc_row,0.4568,0.0998248686514886,1142,114,1116,119,0.1279504500355885,0.425126805229417,False,0.0,0.4457,0.1150998429436841,high_cert_error_ucb,0.05,0.0166666666666666,0.0166666666666666,risk_only_legacy,simultaneous_rows,3,0.0166666666666666,0.0166666666666666,runs/srcc_cifar10_sym35_seed2,resnet18,120,0.0166666666666666,0.1066308243727598,0.4464,4457.0,513.0,0.6899,39.0,1077.0
cifar100,asym20,asymmetric,0.2,0,0.05,,full_coverage,,all,full_coverage,,1.0,0.3588,2500,897,2500,886,0.37045639573484135,0.99880242475684,False,0.0,1.0,0.3523,high_cert_error_ucb,0.05,0.05,0.05,risk_only_legacy,single_selector,1,0.05,0.05,runs/srcc_cifar100_asym20_seed0,resnet18,120,,,,,,,,
cifar100,asym20,asymmetric,0.2,0,0.05,1.0,entropy,0.017972456622645974,<=,naive_empirical_threshold,same_proposal_as_gamma_1_no_buffer,0.2572,0.04665629860031104,643,30,582,25,0.05947989916737757,0.21893378050282208,False,0.0,0.2409,0.04649232046492321,high_cert_error_ucb,0.05,0.05,0.05,risk_only_legacy,single_selector,1,0.05,0.05,runs/srcc_cifar100_asym20_seed0,resnet18,120,0.05,0.0429553264604811,0.2328,2409.0,112.0,0.6476999999999999,59.0,523.0
cifar100,asym20,asymmetric,0.2,0,0.05,,energy,-5.1149689917565535,<=,ltt_bonferroni,,1.0,0.3588,2500,897,2500,886,0.3923722329150357,0.9960464409536965,False,0.0,0.9999,0.35223522352235226,high_cert_error_ucb,0.05,5e-05,5e-05,risk_only_legacy,simultaneous_rows,1000,5e-05,5e-05,runs/srcc_cifar100_asym20_seed0,resnet18,120,5e-05,0.3544,1.0,9999.0,3522.0,0.6476999999999999,194.0,2306.0
cifar100,asym20,asymmetric,0.2,0,0.1,,full_coverage,,all,full_coverage,,1.0,0.3588,2500,897,2500,886,0.37045639573484135,0.99880242475684,False,0.0,1.0,0.3523,high_cert_error_ucb,0.05,0.05,0.05,risk_only_legacy,single_selector,1,0.05,0.05,runs/srcc_cifar100_asym20_seed0,resnet18,120,,,,,,,,
cifar100,asym20,asymmetric,0.2,0,0.1,1.0,msp,0.9218443403808609,>=,naive_empirical_threshold,same_proposal_as_gamma_1_no_buffer,0.4368,0.09981684981684982,1092,109,1018,85,0.09916299216465327,0.3909238180714866,True,0.3909238180714866,0.4164,0.09005763688760807,certified,0.05,0.05,0.05,risk_only_legacy,single_selector,1,0.05,0.05,runs/srcc_cifar100_asym20_seed0,resnet18,120,0.05,0.08349705304518663,0.4072,4164.0,375.0,0.6476999999999999,29.0,989.0
cifar100,asym20,asymmetric,0.2,0,0.1,,entropy,0.03768347492488127,<=,ltt_bonferroni,,0.3324,0.06979542719614922,831,58,768,45,0.09842450732456282,0.27196548766849904,True,0.27196548766849904,0.3168,0.06628787878787878,certified,0.05,5e-05,5e-05,risk_only_legacy,simultaneous_rows,1000,5e-05,5e-05,runs/srcc_cifar100_asym20_seed0,resnet18,120,5e-05,0.05859375,0.3072,3168.0,210.0,0.6476999999999999,94.0,674.0
cifar100,asym20,asymmetric,0.2,1,0.05,,full_coverage,,all,full_coverage,,1.0,0.3528,2500,882,2500,851,0.3563210669843483,0.99880242475684,False,0.0,1.0,0.3471,high_cert_error_ucb,0.05,0.05,0.05,risk_only_legacy,single_selector,1,0.05,0.05,runs/srcc_cifar100_asym20_seed1,resnet18,120,,,,,,,,
cifar100,asym20,asymmetric,0.2,1,0.05,1.0,entropy,0.01651382786777142,<=,naive_empirical_threshold,same_proposal_as_gamma_1_no_buffer,0.242,0.049586776859504134,605,30,558,31,0.0742447615176664,0.20954678407124647,False,0.0,0.2391,0.04558762024257633,high_cert_error_ucb,0.05,0.05,0.05,risk_only_legacy,single_selector,1,0.05,0.05,runs/srcc_cifar100_asym20_seed1,resnet18,120,0.05,0.05555555555555555,0.2232,2391.0,109.0,0.6529,59.0,499.0
cifar100,asym20,asymmetric,0.2,1,0.05,,energy,-5.249689856758234,<=,ltt_bonferroni,,1.0,0.3528,2500,882,2500,851,0.3780829365873068,0.9960464409536965,False,0.0,0.9996,0.3469387755102041,high_cert_error_ucb,0.05,5e-05,5e-05,risk_only_legacy,simultaneous_rows,1000,5e-05,5e-05,runs/srcc_cifar100_asym20_seed1,resnet18,120,5e-05,0.3404,1.0,9996.0,3468.0,0.6529,194.0,2306.0
cifar100,asym20,asymmetric,0.2,1,0.1,,full_coverage,,all,full_coverage,,1.0,0.3528,2500,882,2500,851,0.3563210669843483,0.99880242475684,False,0.0,1.0,0.3471,high_cert_error_ucb,0.05,0.05,0.05,risk_only_legacy,single_selector,1,0.05,0.05,runs/srcc_cifar100_asym20_seed1,resnet18,120,,,,,,,,
cifar100,asym20,asymmetric,0.2,1,0.1,1.0,msp,0.8973472887984022,>=,naive_empirical_threshold,same_proposal_as_gamma_1_no_buffer,0.462,0.09956709956709957,1155,115,1126,123,0.12573639675835385,0.4338818297662484,False,0.0,0.4507,0.09873530064344353,high_cert_error_ucb,0.05,0.05,0.05,risk_only_legacy,single_selector,1,0.05,0.05,runs/srcc_cifar100_asym20_seed1,resnet18,120,0.05,0.10923623445825932,0.4504,4507.0,445.0,0.6529,29.0,1097.0
cifar100,asym20,asymmetric,0.2,1,0.1,,margin,0.9742129634300505,>=,ltt_bonferroni,,0.266,0.05714285714285714,665,38,637,35,0.09844703665481548,0.22176988837613718,True,0.22176988837613718,0.2639,0.05267146646456991,certified,0.05,5e-05,5e-05,risk_only_legacy,simultaneous_rows,1000,5e-05,5e-05,runs/srcc_cifar100_asym20_seed1,resnet18,120,5e-05,0.054945054945054944,0.2548,2639.0,139.0,0.6529,94.0,543.0
cifar100,asym20,asymmetric,0.2,2,0.05,,full_coverage,,all,full_coverage,,1.0,0.3576,2500,894,2500,916,0.3825606651366343,0.99880242475684,False,0.0,1.0,0.351,high_cert_error_ucb,0.05,0.05,0.05,risk_only_legacy,single_selector,1,0.05,0.05,runs/srcc_cifar100_asym20_seed2,resnet18,120,,,,,,,,
cifar100,asym20,asymmetric,0.2,2,0.05,1.0,entropy,0.025332373865687957,<=,naive_empirical_threshold,same_proposal_as_gamma_1_no_buffer,0.272,0.047058823529411764,680,32,684,48,0.08839916833391574,0.25893586938853436,False,0.0,0.2736,0.04861111111111111,high_cert_error_ucb,0.05,0.05,0.05,risk_only_legacy,single_selector,1,0.05,0.05,runs/srcc_cifar100_asym20_seed2,resnet18,120,0.05,0.07017543859649122,0.2736,2736.0,133.0,0.649,59.0,625.0
cifar100,asym20,asymmetric,0.2,2,0.05,,entropy,0.8703044166585507,<=,ltt_bonferroni,,1.0,0.3576,2500,894,2500,916,0.4045925325146188,0.9960464409536965,False,0.0,0.9996,0.35084033613445376,high_cert_error_ucb,0.05,5e-05,5e-05,risk_only_legacy,simultaneous_rows,1000,5e-05,5e-05,runs/srcc_cifar100_asym20_seed2,resnet18,120,5e-05,0.3664,1.0,9996.0,3507.0,0.649,194.0,2306.0
cifar100,asym20,asymmetric,0.2,2,0.1,,full_coverage,,all,full_coverage,,1.0,0.3576,2500,894,2500,916,0.3825606651366343,0.99880242475684,False,0.0,1.0,0.351,high_cert_error_ucb,0.05,0.05,0.05,risk_only_legacy,single_selector,1,0.05,0.05,runs/srcc_cifar100_asym20_seed2,resnet18,120,,,,,,,,
cifar100,asym20,asymmetric,0.2,2,0.1,1.0,msp,0.903456963637902,>=,naive_empirical_threshold,same_proposal_as_gamma_1_no_buffer,0.4416,0.09963768115942029,1104,110,1117,141,0.14375768067059502,0.4302971834439662,False,0.0,0.443,0.09932279909706546,high_cert_error_ucb,0.05,0.05,0.05,risk_only_legacy,single_selector,1,0.05,0.05,runs/srcc_cifar100_asym20_seed2,resnet18,120,0.05,0.12623097582811102,0.4468,4430.0,440.0,0.649,29.0,1088.0
cifar100,asym20,asymmetric,0.2,2,0.1,,entropy,0.01367333039284084,<=,ltt_bonferroni,,0.2168,0.03874538745387454,542,21,533,25,0.09282148957338134,0.18237524047806739,True,0.18237524047806739,0.2136,0.037921348314606744,certified,0.05,5e-05,5e-05,risk_only_legacy,simultaneous_rows,1000,5e-05,5e-05,runs/srcc_cifar100_asym20_seed2,resnet18,120,5e-05,0.04690431519699812,0.2132,2136.0,81.0,0.649,94.0,439.0
cifar100,clean,symmetric,0.0,0,0.05,,full_coverage,,all,full_coverage,,1.0,0.2268,2500,567,2500,604,0.2561021150750557,0.99880242475684,False,0.0,1.0,0.2286,high_cert_error_ucb,0.05,0.05,0.05,risk_only_legacy,single_selector,1,0.05,0.05,runs/srcc_cifar100_clean_seed0,resnet18,120,,,,,,,,
cifar100,clean,symmetric,0.0,0,0.05,1.0,margin,0.8715674941426079,>=,naive_empirical_threshold,same_proposal_as_gamma_1_no_buffer,0.6024,0.049136786188579015,1506,74,1471,89,0.07173778127877445,0.5719399321629388,False,0.0,0.5977,0.05236740839886231,high_cert_error_ucb,0.05,0.05,0.05,risk_only_legacy,single_selector,1,0.05,0.05,runs/srcc_cifar100_clean_seed0,resnet18,120,0.05,0.060503059143439834,0.5884,5977.0,313.0,0.7714,59.0,1412.0
cifar100,clean,symmetric,0.0,0,0.05,,margin,0.9835765910570112,>=,ltt_bonferroni,,0.4368,0.023809523809523808,1092,26,1042,26,0.049343543796490696,0.37864715505908,True,0.37864715505908,0.4314,0.025266573945294392,certified,0.05,5e-05,5e-05,risk_only_legacy,simultaneous_rows,1000,5e-05,5e-05,runs/srcc_cifar100_clean_seed0,resnet18,120,5e-05,0.02495201535508637,0.4168,4314.0,109.0,0.7714,194.0,848.0
cifar100,clean,symmetric,0.0,0,0.1,,full_coverage,,all,full_coverage,,1.0,0.2268,2500,567,2500,604,0.2561021150750557,0.99880242475684,False,0.0,1.0,0.2286,high_cert_error_ucb,0.05,0.05,0.05,risk_only_legacy,single_selector,1,0.05,0.05,runs/srcc_cifar100_clean_seed0,resnet18,120,,,,,,,,
cifar100,clean,symmetric,0.0,0,0.1,1.0,msp,0.68135959974781,>=,naive_empirical_threshold,same_proposal_as_gamma_1_no_buffer,0.7628,0.09963293130571578,1907,190,1869,197,0.11781794404520261,0.7328990626275687,False,0.0,0.7456,0.10488197424892703,high_cert_error_ucb,0.05,0.05,0.05,risk_only_legacy,single_selector,1,0.05,0.05,runs/srcc_cifar100_clean_seed0,resnet18,120,0.05,0.1054039593365436,0.7476,7456.0,782.0,0.7714,29.0,1840.0
cifar100,clean,symmetric,0.0,0,0.1,,margin,0.7652614718969278,>=,ltt_bonferroni,,0.6676,0.06291192330736968,1669,105,1624,116,0.0994052592758685,0.6117068393927408,True,0.6117068393927408,0.658,0.07127659574468086,certified,0.05,5e-05,5e-05,risk_only_legacy,simultaneous_rows,1000,5e-05,5e-05,runs/srcc_cifar100_clean_seed0,resnet18,120,5e-05,0.07142857142857142,0.6496,6580.0,469.0,0.7714,94.0,1530.0
cifar100,clean,symmetric,0.0,1,0.05,,full_coverage,,all,full_coverage,,1.0,0.2348,2500,587,2500,570,0.24223430144284727,0.99880242475684,False,0.0,1.0,0.2285,high_cert_error_ucb,0.05,0.05,0.05,risk_only_legacy,single_selector,1,0.05,0.05,runs/srcc_cifar100_clean_seed1,resnet18,120,,,,,,,,
cifar100,clean,symmetric,0.0,1,0.05,1.0,margin,0.9047381808642064,>=,naive_empirical_threshold,same_proposal_as_gamma_1_no_buffer,0.5624,0.0476529160739687,1406,67,1422,64,0.05512775560219063,0.5522543705160214,False,0.0,0.5666,0.04394634662901518,high_cert_error_ucb,0.05,0.05,0.05,risk_only_legacy,single_selector,1,0.05,0.05,runs/srcc_cifar100_clean_seed1,resnet18,120,0.05,0.0450070323488045,0.5688,5666.0,249.0,0.7715,59.0,1363.0
cifar100,clean,symmetric,0.0,1,0.05,,msp,0.9866804871247552,>=,ltt_bonferroni,,0.4268,0.02436738519212746,1067,26,1072,27,0.049232511820817455,0.390451363216762,True,0.390451363216762,0.4362,0.024530032095369098,certified,0.05,5e-05,5e-05,risk_only_legacy,simultaneous_rows,1000,5e-05,5e-05,runs/srcc_cifar100_clean_seed1,resnet18,120,5e-05,0.025186567164179104,0.4288,4362.0,107.0,0.7715,194.0,878.0
cifar100,clean,symmetric,0.0,1,0.1,,full_coverage,,all,full_coverage,,1.0,0.2348,2500,587,2500,570,0.24223430144284727,0.99880242475684,False,0.0,1.0,0.2285,high_cert_error_ucb,0.05,0.05,0.05,risk_only_legacy,single_selector,1,0.05,0.05,runs/srcc_cifar100_clean_seed1,resnet18,120,,,,,,,,
cifar100,clean,symmetric,0.0,1,0.1,1.0,margin,0.5628908681558165,>=,naive_empirical_threshold,same_proposal_as_gamma_1_no_buffer,0.7328,0.09989082969432314,1832,183,1841,173,0.10591367725789162,0.7215052148176688,False,0.0,0.7341,0.09562729873314263,high_cert_error_ucb,0.05,0.05,0.05,risk_only_legacy,single_selector,1,0.05,0.05,runs/srcc_cifar100_clean_seed1,resnet18,120,0.05,0.09397066811515481,0.7364,7341.0,702.0,0.7715,29.0,1812.0
cifar100,clean,symmetric,0.0,1,0.1,,margin,0.7120726238507569,>=,ltt_bonferroni,,0.6776,0.08028335301062574,1694,136,1700,119,0.09705975662772301,0.6428028502350915,True,0.6428028502350915,0.6782,0.07519905632556768,certified,0.05,5e-05,5e-05,risk_only_legacy,simultaneous_rows,1000,5e-05,5e-05,runs/srcc_cifar100_clean_seed1,resnet18,120,5e-05,0.07,0.68,6782.0,510.0,0.7715,94.0,1606.0
cifar100,clean,symmetric,0.0,2,0.05,,full_coverage,,all,full_coverage,,1.0,0.2184,2500,546,2500,590,0.2503942494534368,0.99880242475684,False,0.0,1.0,0.2295,high_cert_error_ucb,0.05,0.05,0.05,risk_only_legacy,single_selector,1,0.05,0.05,runs/srcc_cifar100_clean_seed2,resnet18,120,,,,,,,,
cifar100,clean,symmetric,0.0,2,0.05,1.0,margin,0.8614816273178652,>=,naive_empirical_threshold,same_proposal_as_gamma_1_no_buffer,0.5924,0.049966239027684,1481,74,1512,87,0.06837800248949266,0.588431858024107,False,0.0,0.6037,0.052675169786317706,high_cert_error_ucb,0.05,0.05,0.05,risk_only_legacy,single_selector,1,0.05,0.05,runs/srcc_cifar100_clean_seed2,resnet18,120,0.05,0.057539682539682536,0.6048,6037.0,318.0,0.7705,59.0,1453.0
cifar100,clean,symmetric,0.0,2,0.05,,margin,0.9934956040034516,>=,ltt_bonferroni,,0.3616,0.014380530973451327,904,13,891,21,0.04994530162295687,0.3195937044012064,True,0.3195937044012064,0.3666,0.015002727768685215,certified,0.05,5e-05,5e-05,risk_only_legacy,simultaneous_rows,1000,5e-05,5e-05,runs/srcc_cifar100_clean_seed2,resnet18,120,5e-05,0.02356902356902357,0.3564,3666.0,55.0,0.7705,194.0,697.0
cifar100,clean,symmetric,0.0,2,0.1,,full_coverage,,all,full_coverage,,1.0,0.2184,2500,546,2500,590,0.2503942494534368,0.99880242475684,False,0.0,1.0,0.2295,high_cert_error_ucb,0.05,0.05,0.05,risk_only_legacy,single_selector,1,0.05,0.05,runs/srcc_cifar100_clean_seed2,resnet18,120,,,,,,,,
cifar100,clean,symmetric,0.0,2,0.1,1.0,msp,0.6558339078758824,>=,naive_empirical_threshold,same_proposal_as_gamma_1_no_buffer,0.758,0.09973614775725594,1895,189,1864,208,0.12430817087614913,0.7308635409454829,False,0.0,0.7507,0.10523511389369922,high_cert_error_ucb,0.05,0.05,0.05,risk_only_legacy,single_selector,1,0.05,0.05,runs/srcc_cifar100_clean_seed2,resnet18,120,0.05,0.11158798283261803,0.7456,7507.0,790.0,0.7705,29.0,1835.0
cifar100,clean,symmetric,0.0,2,0.1,,margin,0.7703350318065232,>=,ltt_bonferroni,,0.6424,0.0684931506849315,1606,110,1636,113,0.09657081569010016,0.6166054974460249,True,0.6166054974460249,0.6542,0.06741057780495262,certified,0.05,5e-05,5e-05,risk_only_legacy,simultaneous_rows,1000,5e-05,5e-05,runs/srcc_cifar100_clean_seed2,resnet18,120,5e-05,0.06907090464547677,0.6544,6542.0,441.0,0.7705,94.0,1542.0
cifar100,sym35,symmetric,0.35,0,0.05,,full_coverage,,all,full_coverage,,1.0,0.4532,2500,1133,2500,1253,0.5178411828964915,0.99880242475684,False,0.0,1.0,0.4668,high_cert_error_ucb,0.05,0.05,0.05,risk_only_legacy,single_selector,1,0.05,0.05,runs/srcc_cifar100_sym35_seed0,resnet18,120,,,,,,,,
cifar100,sym35,symmetric,0.35,0,0.05,1.0,margin,0.9863133300415484,>=,naive_empirical_threshold,same_proposal_as_gamma_1_no_buffer,0.1508,0.04774535809018567,377,18,341,20,0.08408781255459653,0.12522861238049937,False,0.0,0.1529,0.06671026814911707,high_cert_error_ucb,0.05,0.05,0.05,risk_only_legacy,single_selector,1,0.05,0.05,runs/srcc_cifar100_sym35_seed0,resnet18,120,0.05,0.05865102639296188,0.1364,1529.0,102.0,0.5332,59.0,282.0
cifar100,sym35,symmetric,0.35,0,0.05,,entropy,0.8723286043037831,<=,ltt_bonferroni,,1.0,0.4532,2500,1133,2500,1253,0.5402372496958894,0.9960464409536965,False,0.0,1.0,0.4668,high_cert_error_ucb,0.05,5e-05,5e-05,risk_only_legacy,simultaneous_rows,1000,5e-05,5e-05,runs/srcc_cifar100_sym35_seed0,resnet18,120,5e-05,0.5012,1.0,10000.0,4668.0,0.5332,194.0,2306.0
cifar100,sym35,symmetric,0.35,0,0.1,,full_coverage,,all,full_coverage,,1.0,0.4532,2500,1133,2500,1253,0.5178411828964915,0.99880242475684,False,0.0,1.0,0.4668,high_cert_error_ucb,0.05,0.05,0.05,risk_only_legacy,single_selector,1,0.05,0.05,runs/srcc_cifar100_sym35_seed0,resnet18,120,,,,,,,,
cifar100,sym35,symmetric,0.35,0,0.1,1.0,margin,0.9112324365128758,>=,naive_empirical_threshold,same_proposal_as_gamma_1_no_buffer,0.2812,0.09957325746799431,703,70,644,76,0.14101521993579502,0.24322902002284424,False,0.0,0.2835,0.10652557319223986,high_cert_error_ucb,0.05,0.05,0.05,risk_only_legacy,single_selector,1,0.05,0.05,runs/srcc_cifar100_sym35_seed0,resnet18,120,0.05,0.11801242236024845,0.2576,2835.0,302.0,0.5332,29.0,615.0
cifar100,sym35,symmetric,0.35,0,0.1,,entropy,0.010273458629094448,<=,ltt_bonferroni,,0.1216,0.03618421052631579,304,11,267,9,0.09849596386817078,0.08423224266920648,True,0.08423224266920648,0.124,0.05806451612903226,certified,0.05,5e-05,5e-05,risk_only_legacy,simultaneous_rows,1000,5e-05,5e-05,runs/srcc_cifar100_sym35_seed0,resnet18,120,5e-05,0.033707865168539325,0.1068,1240.0,72.0,0.5332,94.0,173.0
cifar100,sym35,symmetric,0.35,1,0.05,,full_coverage,,all,full_coverage,,1.0,0.4616,2500,1154,2500,1205,0.4986472333470994,0.99880242475684,False,0.0,1.0,0.4674,high_cert_error_ucb,0.05,0.05,0.05,risk_only_legacy,single_selector,1,0.05,0.05,runs/srcc_cifar100_sym35_seed1,resnet18,120,,,,,,,,
cifar100,sym35,symmetric,0.35,1,0.05,1.0,margin,0.9867966704800741,>=,naive_empirical_threshold,same_proposal_as_gamma_1_no_buffer,0.1556,0.04884318766066838,389,19,356,18,0.07405821236211706,0.13101794714112514,False,0.0,0.1559,0.05772931366260423,high_cert_error_ucb,0.05,0.05,0.05,risk_only_legacy,single_selector,1,0.05,0.05,runs/srcc_cifar100_sym35_seed1,resnet18,120,0.05,0.05056179775280899,0.1424,1559.0,90.0,0.5326,59.0,297.0
cifar100,sym35,symmetric,0.35,1,0.05,,entropy,0.8403549100492214,<=,ltt_bonferroni,,1.0,0.4616,2500,1154,2500,1205,0.5210927151233369,0.9960464409536965,False,0.0,0.9999,0.4673467346734673,high_cert_error_ucb,0.05,5e-05,5e-05,risk_only_legacy,simultaneous_rows,1000,5e-05,5e-05,runs/srcc_cifar100_sym35_seed1,resnet18,120,5e-05,0.482,1.0,9999.0,4673.0,0.5326,194.0,2306.0
cifar100,sym35,symmetric,0.35,1,0.1,,full_coverage,,all,full_coverage,,1.0,0.4616,2500,1154,2500,1205,0.4986472333470994,0.99880242475684,False,0.0,1.0,0.4674,high_cert_error_ucb,0.05,0.05,0.05,risk_only_legacy,single_selector,1,0.05,0.05,runs/srcc_cifar100_sym35_seed1,resnet18,120,,,,,,,,
cifar100,sym35,symmetric,0.35,1,0.1,1.0,msp,0.9344803981549296,>=,naive_empirical_threshold,same_proposal_as_gamma_1_no_buffer,0.2864,0.09916201117318436,716,71,710,85,0.14164712466055632,0.26915814964618373,False,0.0,0.288,0.1111111111111111,high_cert_error_ucb,0.05,0.05,0.05,risk_only_legacy,single_selector,1,0.05,0.05,runs/srcc_cifar100_sym35_seed1,resnet18,120,0.05,0.11971830985915492,0.284,2880.0,320.0,0.5326,29.0,681.0
cifar100,sym35,symmetric,0.35,1,0.1,,entropy,0.013901101259946808,<=,ltt_bonferroni,,0.1416,0.0480225988700565,354,17,332,13,0.09767179576396061,0.10775805087455699,True,0.10775805087455699,0.1447,0.05597788527988943,certified,0.05,5e-05,5e-05,risk_only_legacy,simultaneous_rows,1000,5e-05,5e-05,runs/srcc_cifar100_sym35_seed1,resnet18,120,5e-05,0.0391566265060241,0.1328,1447.0,81.0,0.5326,94.0,238.0
cifar100,sym35,symmetric,0.35,2,0.05,,full_coverage,,all,full_coverage,,1.0,0.466,2500,1165,2500,1200,0.4966464684565346,0.99880242475684,False,0.0,1.0,0.4678,high_cert_error_ucb,0.05,0.05,0.05,risk_only_legacy,single_selector,1,0.05,0.05,runs/srcc_cifar100_sym35_seed2,resnet18,120,,,,,,,,
cifar100,sym35,symmetric,0.35,2,0.05,1.0,margin,0.988577072263399,>=,naive_empirical_threshold,same_proposal_as_gamma_1_no_buffer,0.1356,0.0471976401179941,339,16,362,29,0.10762371056634602,0.13333564533304096,False,0.0,0.1399,0.058613295210864905,high_cert_error_ucb,0.05,0.05,0.05,risk_only_legacy,single_selector,1,0.05,0.05,runs/srcc_cifar100_sym35_seed2,resnet18,120,0.05,0.08011049723756906,0.1448,1399.0,82.0,0.5322,59.0,303.0
cifar100,sym35,symmetric,0.35,2,0.05,,entropy,0.8606463935221446,<=,ltt_bonferroni,,1.0,0.466,2500,1165,2500,1200,0.519095200556104,0.9960464409536965,False,0.0,1.0,0.4678,high_cert_error_ucb,0.05,5e-05,5e-05,risk_only_legacy,simultaneous_rows,1000,5e-05,5e-05,runs/srcc_cifar100_sym35_seed2,resnet18,120,5e-05,0.48,1.0,10000.0,4678.0,0.5322,194.0,2306.0
cifar100,sym35,symmetric,0.35,2,0.1,,full_coverage,,all,full_coverage,,1.0,0.466,2500,1165,2500,1200,0.4966464684565346,0.99880242475684,False,0.0,1.0,0.4678,high_cert_error_ucb,0.05,0.05,0.05,risk_only_legacy,single_selector,1,0.05,0.05,runs/srcc_cifar100_sym35_seed2,resnet18,120,,,,,,,,
cifar100,sym35,symmetric,0.35,2,0.1,1.0,entropy,0.056163077216011145,<=,naive_empirical_threshold,same_proposal_as_gamma_1_no_buffer,0.2472,0.09870550161812297,618,61,601,64,0.1294785044437598,0.22637229677405157,False,0.0,0.2446,0.09157808667211774,high_cert_error_ucb,0.05,0.05,0.05,risk_only_legacy,single_selector,1,0.05,0.05,runs/srcc_cifar100_sym35_seed2,resnet18,120,0.05,0.1064891846921797,0.2404,2446.0,224.0,0.5322,29.0,572.0
cifar100,sym35,symmetric,0.35,2,0.1,,entropy,0.8606463935221446,<=,ltt_bonferroni,,1.0,0.466,2500,1165,2500,1200,0.519095200556104,0.9960464409536965,False,0.0,1.0,0.4678,high_cert_error_ucb,0.05,5e-05,5e-05,risk_only_legacy,simultaneous_rows,1000,5e-05,5e-05,runs/srcc_cifar100_sym35_seed2,resnet18,120,5e-05,0.48,1.0,10000.0,4678.0,0.5322,94.0,2406.0
cifar10,asym20,asymmetric,0.2,0,0.05,,full_coverage,,all,full_coverage,,1.0,0.1884,2500,471,2500,479,0.20501229962247863,0.99880242475684,False,0.0,1.0,0.1998,high_cert_error_ucb,0.05,0.05,0.05,risk_only_legacy,single_selector,1,0.05,0.05,runs/srcc_cifar10_asym20_seed0,resnet18,120,,,,,,,,
cifar10,asym20,asymmetric,0.2,0,0.05,1.0,entropy,0.015970412044274785,<=,naive_empirical_threshold,same_proposal_as_gamma_1_no_buffer,0.3976,0.04929577464788732,994,49,965,47,0.061689987335766805,0.3698895598051723,False,0.0,0.3922,0.05379908210096889,high_cert_error_ucb,0.05,0.05,0.05,risk_only_legacy,single_selector,1,0.05,0.05,runs/srcc_cifar10_asym20_seed0,resnet18,120,0.05,0.04870466321243523,0.386,3922.0,211.0,0.8002,59.0,906.0
cifar10,asym20,asymmetric,0.2,0,0.05,,entropy,0.8048955356566202,<=,ltt_bonferroni,,1.0,0.1884,2500,471,2500,479,0.2236830263392802,0.9960464409536965,False,0.0,1.0,0.1998,high_cert_error_ucb,0.05,5e-05,5e-05,risk_only_legacy,simultaneous_rows,1000,5e-05,5e-05,runs/srcc_cifar10_asym20_seed0,resnet18,120,5e-05,0.1916,1.0,10000.0,1998.0,0.8002,194.0,2306.0
cifar10,asym20,asymmetric,0.2,0,0.1,,full_coverage,,all,full_coverage,,1.0,0.1884,2500,471,2500,479,0.20501229962247863,0.99880242475684,False,0.0,1.0,0.1998,high_cert_error_ucb,0.05,0.05,0.05,risk_only_legacy,single_selector,1,0.05,0.05,runs/srcc_cifar10_asym20_seed0,resnet18,120,,,,,,,,
cifar10,asym20,asymmetric,0.2,0,0.1,1.0,msp,0.9303136138643359,>=,naive_empirical_threshold,same_proposal_as_gamma_1_no_buffer,0.7128,0.09876543209876543,1782,176,1729,165,0.10785786192636587,0.6760458833718234,False,0.0,0.7052,0.10734543391945547,high_cert_error_ucb,0.05,0.05,0.05,risk_only_legacy,single_selector,1,0.05,0.05,runs/srcc_cifar10_asym20_seed0,resnet18,120,0.05,0.09543088490456912,0.6916,7052.0,757.0,0.8002,29.0,1700.0
cifar10,asym20,asymmetric,0.2,0,0.1,,entropy,0.048866134415534244,<=,ltt_bonferroni,,0.5732,0.07536636427076064,1433,108,1395,96,0.09883872087722378,0.5189762601989898,True,0.5189762601989898,0.563,0.07353463587921848,certified,0.05,5e-05,5e-05,risk_only_legacy,simultaneous_rows,1000,5e-05,5e-05,runs/srcc_cifar10_asym20_seed0,resnet18,120,5e-05,0.06881720430107527,0.558,5630.0,414.0,0.8002,94.0,1301.0
cifar10,asym20,asymmetric,0.2,1,0.05,,full_coverage,,all,full_coverage,,1.0,0.182,2500,455,2500,494,0.21115914811164047,0.99880242475684,False,0.0,1.0,0.2021,high_cert_error_ucb,0.05,0.05,0.05,risk_only_legacy,single_selector,1,0.05,0.05,runs/srcc_cifar10_asym20_seed1,resnet18,120,,,,,,,,
cifar10,asym20,asymmetric,0.2,1,0.05,1.0,msp,0.9957764889383326,>=,naive_empirical_threshold,same_proposal_as_gamma_1_no_buffer,0.3816,0.049266247379454925,954,47,988,46,0.05914142869535004,0.37901375547465527,False,0.0,0.3743,0.05503606732567459,high_cert_error_ucb,0.05,0.05,0.05,risk_only_legacy,single_selector,1,0.05,0.05,runs/srcc_cifar10_asym20_seed1,resnet18,120,0.05,0.0465587044534413,0.3952,3743.0,206.0,0.7979,59.0,929.0
cifar10,asym20,asymmetric,0.2,1,0.05,,energy,-3.4085347066693803,<=,ltt_bonferroni,,1.0,0.182,2500,455,2499,493,0.22968468806661194,0.9950088277370117,False,0.0,0.9996,0.20188075230092037,high_cert_error_ucb,0.05,5e-05,5e-05,risk_only_legacy,simultaneous_rows,1000,5e-05,5e-05,runs/srcc_cifar10_asym20_seed1,resnet18,120,5e-05,0.19727891156462585,0.9996,9996.0,2018.0,0.7979,194.0,2305.0
cifar10,asym20,asymmetric,0.2,1,0.1,,full_coverage,,all,full_coverage,,1.0,0.182,2500,455,2500,494,0.21115914811164047,0.99880242475684,False,0.0,1.0,0.2021,high_cert_error_ucb,0.05,0.05,0.05,risk_only_legacy,single_selector,1,0.05,0.05,runs/srcc_cifar10_asym20_seed1,resnet18,120,,,,,,,,
cifar10,asym20,asymmetric,0.2,1,0.1,1.0,msp,0.944658489193265,>=,naive_empirical_threshold,same_proposal_as_gamma_1_no_buffer,0.7076,0.0994912379875636,1769,176,1742,172,0.11128717102219315,0.6813133973954427,False,0.0,0.6875,0.1037090909090909,high_cert_error_ucb,0.05,0.05,0.05,risk_only_legacy,single_selector,1,0.05,0.05,runs/srcc_cifar10_asym20_seed1,resnet18,120,0.05,0.09873708381171067,0.6968,6875.0,713.0,0.7979,29.0,1713.0
cifar10,asym20,asymmetric,0.2,1,0.1,,entropy,0.053905842941788254,<=,ltt_bonferroni,,0.6184,0.08279430789133248,1546,128,1510,106,0.0991381403927949,0.565369772498592,True,0.565369772498592,0.59,0.0840677966101695,certified,0.05,5e-05,5e-05,risk_only_legacy,simultaneous_rows,1000,5e-05,5e-05,runs/srcc_cifar10_asym20_seed1,resnet18,120,5e-05,0.07019867549668875,0.604,5900.0,496.0,0.7979,94.0,1416.0
cifar10,asym20,asymmetric,0.2,2,0.05,,full_coverage,,all,full_coverage,,1.0,0.1956,2500,489,2500,488,0.20870097935345938,0.99880242475684,False,0.0,1.0,0.1923,high_cert_error_ucb,0.05,0.05,0.05,risk_only_legacy,single_selector,1,0.05,0.05,runs/srcc_cifar10_asym20_seed2,resnet18,120,,,,,,,,
cifar10,asym20,asymmetric,0.2,2,0.05,1.0,msp,0.9918686759600834,>=,naive_empirical_threshold,same_proposal_as_gamma_1_no_buffer,0.472,0.04915254237288136,1180,58,1115,72,0.07800823483725068,0.4295007130162171,False,0.0,0.4589,0.05927217258662018,high_cert_error_ucb,0.05,0.05,0.05,risk_only_legacy,single_selector,1,0.05,0.05,runs/srcc_cifar10_asym20_seed2,resnet18,120,0.05,0.06457399103139014,0.446,4589.0,272.0,0.8077,59.0,1056.0
cifar10,asym20,asymmetric,0.2,2,0.05,,entropy,0.7449204771363767,<=,ltt_bonferroni,,1.0,0.1956,2500,489,2499,487,0.22715133552563724,0.9950088277370117,False,0.0,0.9998,0.1922384476895379,high_cert_error_ucb,0.05,5e-05,5e-05,risk_only_legacy,simultaneous_rows,1000,5e-05,5e-05,runs/srcc_cifar10_asym20_seed2,resnet18,120,5e-05,0.1948779511804722,0.9996,9998.0,1922.0,0.8077,194.0,2305.0
cifar10,asym20,asymmetric,0.2,2,0.1,,full_coverage,,all,full_coverage,,1.0,0.1956,2500,489,2500,488,0.20870097935345938,0.99880242475684,False,0.0,1.0,0.1923,high_cert_error_ucb,0.05,0.05,0.05,risk_only_legacy,single_selector,1,0.05,0.05,runs/srcc_cifar10_asym20_seed2,resnet18,120,,,,,,,,
cifar10,asym20,asymmetric,0.2,2,0.1,1.0,msp,0.931971278452505,>=,naive_empirical_threshold,same_proposal_as_gamma_1_no_buffer,0.7176,0.09921962095875139,1794,178,1779,189,0.11902319676688465,0.6963181854600549,False,0.0,0.7124,0.10303200449185851,high_cert_error_ucb,0.05,0.05,0.05,risk_only_legacy,single_selector,1,0.05,0.05,runs/srcc_cifar10_asym20_seed2,resnet18,120,0.05,0.10623946037099494,0.7116,7124.0,734.0,0.8077,29.0,1750.0
cifar10,asym20,asymmetric,0.2,2,0.1,,margin,0.9839519675456893,>=,ltt_bonferroni,,0.482,0.053112033195020746,1205,64,1146,76,0.09939804621501849,0.4196664836192861,True,0.4196664836192861,0.4691,0.06054146237476018,certified,0.05,5e-05,5e-05,risk_only_legacy,simultaneous_rows,1000,5e-05,5e-05,runs/srcc_cifar10_asym20_seed2,resnet18,120,5e-05,0.06631762652705062,0.4584,4691.0,284.0,0.8077,94.0,1052.0
cifar10,clean,symmetric,0.0,0,0.05,,full_coverage,,all,full_coverage,,1.0,0.0528,2500,132,2500,109,0.050926566278749745,0.99880242475684,False,0.0,1.0,0.0518,high_cert_error_ucb,0.05,0.05,0.05,risk_only_legacy,single_selector,1,0.05,0.05,runs/srcc_cifar10_clean_seed0,resnet18,120,,,,,,,,
cifar10,clean,symmetric,0.0,0,0.05,1.0,energy,-4.156602306745967,<=,naive_empirical_threshold,same_proposal_as_gamma_1_no_buffer,0.9948,0.04905508644953759,2487,122,2484,98,0.04649499540148779,0.9902956707397151,True,0.9902956707397151,0.9944,0.04827031375703942,certified,0.05,0.05,0.05,risk_only_legacy,single_selector,1,0.05,0.05,runs/srcc_cifar10_clean_seed0,resnet18,120,0.05,0.039452495974235106,0.9936,9944.0,480.0,0.9482,59.0,2425.0
cifar10,clean,symmetric,0.0,0,0.05,,maxlogit,4.524044331833346,>=,ltt_bonferroni,,0.9788,0.04168369431957499,2447,102,2455,82,0.04977795780791499,0.9693149821867276,True,0.9693149821867276,0.9829,0.04181503713500865,certified,0.05,5e-05,5e-05,risk_only_legacy,simultaneous_rows,1000,5e-05,5e-05,runs/srcc_cifar10_clean_seed0,resnet18,120,5e-05,0.03340122199592668,0.982,9829.0,411.0,0.9482,194.0,2261.0
cifar10,clean,symmetric,0.0,0,0.1,,full_coverage,,all,full_coverage,,1.0,0.0528,2500,132,2500,109,0.050926566278749745,0.99880242475684,True,0.99880242475684,1.0,0.0518,certified,0.05,0.05,0.05,risk_only_legacy,single_selector,1,0.05,0.05,runs/srcc_cifar10_clean_seed0,resnet18,120,,,,,,,,
cifar10,clean,symmetric,0.0,0,0.1,1.0,energy,-3.5614808400768005,<=,naive_empirical_threshold,same_proposal_as_gamma_1_no_buffer,1.0,0.0528,2500,132,2499,109,0.05094686683033124,0.998103874431242,True,0.998103874431242,0.9986,0.050570799118766274,certified,0.05,0.05,0.05,risk_only_legacy,single_selector,1,0.05,0.05,runs/srcc_cifar10_clean_seed0,resnet18,120,0.05,0.04361744697879152,0.9996,9986.0,505.0,0.9482,29.0,2470.0
cifar10,clean,symmetric,0.0,0,0.1,,entropy,0.6949336117420268,<=,ltt_bonferroni,,1.0,0.0528,2500,132,2500,109,0.061654411622555624,0.9960464409536965,True,0.9960464409536965,0.999,0.05095095095095095,certified,0.05,5e-05,5e-05,risk_only_legacy,simultaneous_rows,1000,5e-05,5e-05,runs/srcc_cifar10_clean_seed0,resnet18,120,5e-05,0.0436,1.0,9990.0,509.0,0.9482,94.0,2406.0
cifar10,clean,symmetric,0.0,1,0.05,,full_coverage,,all,full_coverage,,1.0,0.0448,2500,112,2500,105,0.049209565305063166,0.99880242475684,True,0.99880242475684,1.0,0.052,certified,0.05,0.05,0.05,risk_only_legacy,single_selector,1,0.05,0.05,runs/srcc_cifar10_clean_seed1,resnet18,120,,,,,,,,
cifar10,clean,symmetric,0.0,1,0.05,1.0,energy,-3.193136326856295,<=,naive_empirical_threshold,same_proposal_as_gamma_1_no_buffer,1.0,0.0448,2500,112,2500,105,0.049209565305063166,0.99880242475684,True,0.99880242475684,1.0,0.052,certified,0.05,0.05,0.05,risk_only_legacy,single_selector,1,0.05,0.05,runs/srcc_cifar10_clean_seed1,resnet18,120,0.05,0.042,1.0,10000.0,520.0,0.948,59.0,2441.0
cifar10,clean,symmetric,0.0,1,0.05,,entropy,0.3426733323302629,<=,ltt_bonferroni,,0.9796,0.032666394446712946,2449,80,2447,81,0.04944971226881606,0.9652785865462634,True,0.9652785865462634,0.9784,0.04180294358135732,certified,0.05,5e-05,5e-05,risk_only_legacy,simultaneous_rows,1000,5e-05,5e-05,runs/srcc_cifar10_clean_seed1,resnet18,120,5e-05,0.03310175725378014,0.9788,9784.0,409.0,0.948,194.0,2253.0
cifar10,clean,symmetric,0.0,1,0.1,,full_coverage,,all,full_coverage,,1.0,0.0448,2500,112,2500,105,0.049209565305063166,0.99880242475684,True,0.99880242475684,1.0,0.052,certified,0.05,0.05,0.05,risk_only_legacy,single_selector,1,0.05,0.05,runs/srcc_cifar10_clean_seed1,resnet18,120,,,,,,,,
cifar10,clean,symmetric,0.0,1,0.1,1.0,energy,-3.193136326856295,<=,naive_empirical_threshold,same_proposal_as_gamma_1_no_buffer,1.0,0.0448,2500,112,2500,105,0.049209565305063166,0.99880242475684,True,0.99880242475684,1.0,0.052,certified,0.05,0.05,0.05,risk_only_legacy,single_selector,1,0.05,0.05,runs/srcc_cifar10_clean_seed1,resnet18,120,0.05,0.042,1.0,10000.0,520.0,0.948,29.0,2471.0
cifar10,clean,symmetric,0.0,1,0.1,,entropy,0.7268671296611796,<=,ltt_bonferroni,,1.0,0.0448,2500,112,2500,105,0.059782418544389364,0.9960464409536965,True,0.9960464409536965,0.9999,0.052005200520052,certified,0.05,5e-05,5e-05,risk_only_legacy,simultaneous_rows,1000,5e-05,5e-05,runs/srcc_cifar10_clean_seed1,resnet18,120,5e-05,0.042,1.0,9999.0,520.0,0.948,94.0,2406.0
cifar10,clean,symmetric,0.0,2,0.05,,full_coverage,,all,full_coverage,,1.0,0.0452,2500,113,2500,110,0.05135542905013528,0.99880242475684,False,0.0,1.0,0.0519,high_cert_error_ucb,0.05,0.05,0.05,risk_only_legacy,single_selector,1,0.05,0.05,runs/srcc_cifar10_clean_seed2,resnet18,120,,,,,,,,
cifar10,clean,symmetric,0.0,2,0.05,1.0,energy,-2.8887997650792023,<=,naive_empirical_threshold,same_proposal_as_gamma_1_no_buffer,1.0,0.0452,2500,113,2500,110,0.05135542905013528,0.99880242475684,False,0.0,1.0,0.0519,high_cert_error_ucb,0.05,0.05,0.05,risk_only_legacy,single_selector,1,0.05,0.05,runs/srcc_cifar10_clean_seed2,resnet18,120,0.05,0.044,1.0,10000.0,519.0,0.9480999999999999,59.0,2441.0
cifar10,clean,symmetric,0.0,2,0.05,,energy,-5.225567634713122,<=,ltt_bonferroni,,0.9696,0.03176567656765677,2424,77,2440,81,0.049590366948698755,0.9618001851174043,True,0.9618001851174043,0.9759,0.04221744031150733,certified,0.05,5e-05,5e-05,risk_only_legacy,simultaneous_rows,1000,5e-05,5e-05,runs/srcc_cifar10_clean_seed2,resnet18,120,5e-05,0.033196721311475406,0.976,9759.0,412.0,0.9480999999999999,194.0,2246.0
cifar10,clean,symmetric,0.0,2,0.1,,full_coverage,,all,full_coverage,,1.0,0.0452,2500,113,2500,110,0.05135542905013528,0.99880242475684,True,0.99880242475684,1.0,0.0519,certified,0.05,0.05,0.05,risk_only_legacy,single_selector,1,0.05,0.05,runs/srcc_cifar10_clean_seed2,resnet18,120,,,,,,,,
cifar10,clean,symmetric,0.0,2,0.1,1.0,energy,-2.8887997650792023,<=,naive_empirical_threshold,same_proposal_as_gamma_1_no_buffer,1.0,0.0452,2500,113,2500,110,0.05135542905013528,0.99880242475684,True,0.99880242475684,1.0,0.0519,certified,0.05,0.05,0.05,risk_only_legacy,single_selector,1,0.05,0.05,runs/srcc_cifar10_clean_seed2,resnet18,120,0.05,0.044,1.0,10000.0,519.0,0.9480999999999999,29.0,2471.0
cifar10,clean,symmetric,0.0,2,0.1,,entropy,0.7995952245257465,<=,ltt_bonferroni,,1.0,0.0452,2500,113,2500,110,0.06212150187808498,0.9960464409536965,True,0.9960464409536965,1.0,0.0519,certified,0.05,5e-05,5e-05,risk_only_legacy,simultaneous_rows,1000,5e-05,5e-05,runs/srcc_cifar10_clean_seed2,resnet18,120,5e-05,0.044,1.0,10000.0,519.0,0.9480999999999999,94.0,2406.0
cifar10,sym35,symmetric,0.35,0,0.05,,full_coverage,,all,full_coverage,,1.0,0.3016,2500,754,2500,831,0.3482369695957274,0.99880242475684,False,0.0,1.0,0.324,high_cert_error_ucb,0.05,0.05,0.05,risk_only_legacy,single_selector,1,0.05,0.05,runs/srcc_cifar10_sym35_seed0,resnet18,120,,,,,,,,
cifar10,sym35,symmetric,0.35,0,0.05,1.0,entropy,0.0034839214370095475,<=,naive_empirical_threshold,same_proposal_as_gamma_1_no_buffer,0.1216,0.049342105263157895,304,15,260,17,0.09646384785133041,0.09410502047843808,False,0.0,0.1089,0.04132231404958678,high_cert_error_ucb,0.05,0.05,0.05,risk_only_legacy,single_selector,1,0.05,0.05,runs/srcc_cifar10_sym35_seed0,resnet18,120,0.05,0.06538461538461539,0.104,1089.0,45.0,0.6759999999999999,59.0,201.0
cifar10,sym35,symmetric,0.35,0,0.05,,energy,-2.9156817062034595,<=,ltt_bonferroni,,1.0,0.3016,2500,754,2499,830,0.3696359152604927,0.9950088277370117,False,0.0,0.9993,0.32372660862603825,high_cert_error_ucb,0.05,5e-05,5e-05,risk_only_legacy,simultaneous_rows,1000,5e-05,5e-05,runs/srcc_cifar10_sym35_seed0,resnet18,120,5e-05,0.3321328531412565,0.9996,9993.0,3235.0,0.6759999999999999,194.0,2305.0
cifar10,sym35,symmetric,0.35,0,0.1,,full_coverage,,all,full_coverage,,1.0,0.3016,2500,754,2500,831,0.3482369695957274,0.99880242475684,False,0.0,1.0,0.324,high_cert_error_ucb,0.05,0.05,0.05,risk_only_legacy,single_selector,1,0.05,0.05,runs/srcc_cifar10_sym35_seed0,resnet18,120,,,,,,,,
cifar10,sym35,symmetric,0.35,0,0.1,1.0,margin,0.9821069098352029,>=,naive_empirical_threshold,same_proposal_as_gamma_1_no_buffer,0.3264,0.09803921568627451,816,80,774,64,0.10082781077350773,0.2943613869364502,False,0.0,0.31,0.09193548387096774,high_cert_error_ucb,0.05,0.05,0.05,risk_only_legacy,single_selector,1,0.05,0.05,runs/srcc_cifar10_sym35_seed0,resnet18,120,0.05,0.082687338501292,0.3096,3100.0,285.0,0.6759999999999999,29.0,745.0
cifar10,sym35,symmetric,0.35,0,0.1,,energy,-2.9156817062034595,<=,ltt_bonferroni,,1.0,0.3016,2500,754,2499,830,0.3696359152604927,0.9950088277370117,False,0.0,0.9993,0.32372660862603825,high_cert_error_ucb,0.05,5e-05,5e-05,risk_only_legacy,simultaneous_rows,1000,5e-05,5e-05,runs/srcc_cifar10_sym35_seed0,resnet18,120,5e-05,0.3321328531412565,0.9996,9993.0,3235.0,0.6759999999999999,94.0,2405.0
cifar10,sym35,symmetric,0.35,1,0.05,,full_coverage,,all,full_coverage,,1.0,0.3,2500,750,2500,770,0.32354900368612294,0.99880242475684,False,0.0,1.0,0.3299,high_cert_error_ucb,0.05,0.05,0.05,risk_only_legacy,single_selector,1,0.05,0.05,runs/srcc_cifar10_sym35_seed1,resnet18,120,,,,,,,,
cifar10,sym35,symmetric,0.35,1,0.05,1.0,margin,0.9977038264095855,>=,naive_empirical_threshold,same_proposal_as_gamma_1_no_buffer,0.1356,0.0471976401179941,339,16,319,22,0.09701632395007301,0.11675096590947248,False,0.0,0.1267,0.06314127861089187,high_cert_error_ucb,0.05,0.05,0.05,risk_only_legacy,single_selector,1,0.05,0.05,runs/srcc_cifar10_sym35_seed1,resnet18,120,0.05,0.06896551724137931,0.1276,1267.0,80.0,0.6700999999999999,59.0,260.0
cifar10,sym35,symmetric,0.35,1,0.05,,entropy,0.816753180429747,<=,ltt_bonferroni,,1.0,0.3,2500,750,2500,770,0.3448745175116146,0.9960464409536965,False,0.0,0.9989,0.32956251877064774,high_cert_error_ucb,0.05,5e-05,5e-05,risk_only_legacy,simultaneous_rows,1000,5e-05,5e-05,runs/srcc_cifar10_sym35_seed1,resnet18,120,5e-05,0.308,1.0,9989.0,3292.0,0.6700999999999999,194.0,2306.0
cifar10,sym35,symmetric,0.35,1,0.1,,full_coverage,,all,full_coverage,,1.0,0.3,2500,750,2500,770,0.32354900368612294,0.99880242475684,False,0.0,1.0,0.3299,high_cert_error_ucb,0.05,0.05,0.05,risk_only_legacy,single_selector,1,0.05,0.05,runs/srcc_cifar10_sym35_seed1,resnet18,120,,,,,,,,
cifar10,sym35,symmetric,0.35,1,0.1,1.0,margin,0.9479904473009291,>=,naive_empirical_threshold,same_proposal_as_gamma_1_no_buffer,0.4168,0.09884836852207293,1042,103,1028,111,0.1252272952866997,0.39489606386861026,False,0.0,0.4026,0.12344759066070542,high_cert_error_ucb,0.05,0.05,0.05,risk_only_legacy,single_selector,1,0.05,0.05,runs/srcc_cifar10_sym35_seed1,resnet18,120,0.05,0.10797665369649806,0.4112,4026.0,497.0,0.6700999999999999,29.0,999.0
cifar10,sym35,symmetric,0.35,1,0.1,,entropy,0.816753180429747,<=,ltt_bonferroni,,1.0,0.3,2500,750,2500,770,0.3448745175116146,0.9960464409536965,False,0.0,0.9989,0.32956251877064774,high_cert_error_ucb,0.05,5e-05,5e-05,risk_only_legacy,simultaneous_rows,1000,5e-05,5e-05,runs/srcc_cifar10_sym35_seed1,resnet18,120,5e-05,0.308,1.0,9989.0,3292.0,0.6700999999999999,94.0,2406.0
cifar10,sym35,symmetric,0.35,2,0.05,,full_coverage,,all,full_coverage,,1.0,0.3088,2500,772,2500,797,0.3344824118785059,0.99880242475684,False,0.0,1.0,0.3101,high_cert_error_ucb,0.05,0.05,0.05,risk_only_legacy,single_selector,1,0.05,0.05,runs/srcc_cifar10_sym35_seed2,resnet18,120,,,,,,,,
cifar10,sym35,symmetric,0.35,2,0.05,1.0,margin,0.9980670895978706,>=,naive_empirical_threshold,same_proposal_as_gamma_1_no_buffer,0.1156,0.04844290657439446,289,14,287,16,0.08344444015156713,0.10445094486642209,False,0.0,0.117,0.05042735042735043,high_cert_error_ucb,0.05,0.05,0.05,risk_only_legacy,single_selector,1,0.05,0.05,runs/srcc_cifar10_sym35_seed2,resnet18,120,0.05,0.05574912891986063,0.1148,1170.0,59.0,0.6899,59.0,228.0
cifar10,sym35,symmetric,0.35,2,0.05,,entropy,0.8626914415891732,<=,ltt_bonferroni,,1.0,0.3088,2500,772,2500,797,0.3559661373971362,0.9960464409536965,False,0.0,0.9998,0.3099619923984797,high_cert_error_ucb,0.05,5e-05,5e-05,risk_only_legacy,simultaneous_rows,1000,5e-05,5e-05,runs/srcc_cifar10_sym35_seed2,resnet18,120,5e-05,0.3188,1.0,9998.0,3099.0,0.6899,194.0,2306.0
cifar10,sym35,symmetric,0.35,2,0.1,,full_coverage,,all,full_coverage,,1.0,0.3088,2500,772,2500,797,0.3344824118785059,0.99880242475684,False,0.0,1.0,0.3101,high_cert_error_ucb,0.05,0.05,0.05,risk_only_legacy,single_selector,1,0.05,0.05,runs/srcc_cifar10_sym35_seed2,resnet18,120,,,,,,,,
cifar10,sym35,symmetric,0.35,2,0.1,1.0,msp,0.95464459990727,>=,naive_empirical_threshold,same_proposal_as_gamma_1_no_buffer,0.4568,0.09982486865148861,1142,114,1116,119,0.1230540487837075,0.42989894287807556,False,0.0,0.4457,0.1150998429436841,high_cert_error_ucb,0.05,0.05,0.05,risk_only_legacy,single_selector,1,0.05,0.05,runs/srcc_cifar10_sym35_seed2,resnet18,120,0.05,0.10663082437275985,0.4464,4457.0,513.0,0.6899,29.0,1087.0
cifar10,sym35,symmetric,0.35,2,0.1,,entropy,0.8626914415891732,<=,ltt_bonferroni,,1.0,0.3088,2500,772,2500,797,0.3559661373971362,0.9960464409536965,False,0.0,0.9998,0.3099619923984797,high_cert_error_ucb,0.05,5e-05,5e-05,risk_only_legacy,simultaneous_rows,1000,5e-05,5e-05,runs/srcc_cifar10_sym35_seed2,resnet18,120,5e-05,0.3188,1.0,9998.0,3099.0,0.6899,94.0,2406.0
cifar10,clean,symmetric,0.0,0,0.05,1.0,energy,-4.156602306745967,<=,clean_trained_upper_bound,,0.9948,0.0490550864495375,2487,122,2484,98,0.0486154270411234,0.989259519842837,True,0.989259519842837,0.9944,0.0482703137570394,certified,0.05,0.0166666666666666,0.0166666666666666,risk_only_legacy,simultaneous_rows,3,0.0166666666666666,0.0166666666666666,runs/srcc_cifar10_clean_seed0,resnet18,120,0.0166666666666666,0.0394524959742351,0.9936,9944.0,480.0,0.9482,80.0,2404.0
cifar10,clean,symmetric,0.0,0,0.1,0.7,energy,-3.5614808400768005,<=,clean_trained_upper_bound,,1.0,0.0528,2500,132,2499,109,0.0531500003885623,0.9975836649636104,True,0.9975836649636104,0.9986,0.0505707991187662,certified,0.05,0.0166666666666666,0.0166666666666666,risk_only_legacy,simultaneous_rows,3,0.0166666666666666,0.0166666666666666,runs/srcc_cifar10_clean_seed0,resnet18,120,0.0166666666666666,0.0436174469787915,0.9996,9986.0,505.0,0.9482,39.0,2460.0
cifar10,clean,symmetric,0.0,1,0.05,0.7,entropy,0.3748917247781999,<=,clean_trained_upper_bound,,0.9848,0.0349309504467912,2462,86,2457,85,0.04331102087533,0.9763700815228658,True,0.9763700815228658,0.9832,0.0434296175752644,certified,0.05,0.0166666666666666,0.0166666666666666,risk_only_legacy,simultaneous_rows,3,0.0166666666666666,0.0166666666666666,runs/srcc_cifar10_clean_seed1,resnet18,120,0.0166666666666666,0.0345950345950345,0.9828,9832.0,427.0,0.948,80.0,2377.0
cifar10,clean,symmetric,0.0,1,0.1,0.5,energy,-3.193136326856295,<=,clean_trained_upper_bound,,1.0,0.0448,2500,112,2500,105,0.051377959172236,0.998363602535883,True,0.998363602535883,1.0,0.052,certified,0.05,0.0166666666666666,0.0166666666666666,risk_only_legacy,simultaneous_rows,3,0.0166666666666666,0.0166666666666666,runs/srcc_cifar10_clean_seed1,resnet18,120,0.0166666666666666,0.042,1.0,10000.0,520.0,0.948,39.0,2461.0
cifar10,clean,symmetric,0.0,2,0.05,0.7,margin,0.3743629242491985,>=,clean_trained_upper_bound,,0.9788,0.0339190845933796,2447,83,2449,85,0.043451860002525,0.972696238700284,True,0.972696238700284,0.9778,0.0418285948046635,certified,0.05,0.0166666666666666,0.0166666666666666,risk_only_legacy,simultaneous_rows,3,0.0166666666666666,0.0166666666666666,runs/srcc_cifar10_clean_seed2,resnet18,120,0.0166666666666666,0.0347080440996325,0.9796,9778.0,409.0,0.9481,80.0,2369.0
cifar10,clean,symmetric,0.0,2,0.1,0.5,energy,-2.8887997650792023,<=,clean_trained_upper_bound,,1.0,0.0452,2500,113,2500,110,0.0535660678474299,0.998363602535883,True,0.998363602535883,1.0,0.0519,certified,0.05,0.0166666666666666,0.0166666666666666,risk_only_legacy,simultaneous_rows,3,0.0166666666666666,0.0166666666666666,runs/srcc_cifar10_clean_seed2,resnet18,120,0.0166666666666666,0.044,1.0,10000.0,519.0,0.9481,39.0,2461.0
cifar100,clean,symmetric,0.0,0,0.05,0.5,entropy,0.0291238507550637,<=,clean_trained_upper_bound,,0.4728,0.0245346869712351,1182,29,1116,35,0.0444292226269118,0.425126805229417,True,0.425126805229417,0.4626,0.0296152183311716,certified,0.05,0.0166666666666666,0.0166666666666666,risk_only_legacy,simultaneous_rows,3,0.0166666666666666,0.0166666666666666,runs/srcc_cifar100_clean_seed0,resnet18,120,0.0166666666666666,0.0313620071684587,0.4464,4626.0,137.0,0.7714,80.0,1036.0
cifar100,clean,symmetric,0.0,0,0.1,0.7,msp,0.8158553727067476,>=,clean_trained_upper_bound,,0.6828,0.0691271236086701,1707,118,1670,129,0.0923227645475764,0.647539210708719,True,0.647539210708719,0.6715,0.0769918093819806,certified,0.05,0.0166666666666666,0.0166666666666666,risk_only_legacy,simultaneous_rows,3,0.0166666666666666,0.0166666666666666,runs/srcc_cifar100_clean_seed0,resnet18,120,0.0166666666666666,0.0772455089820359,0.668,6715.0,517.0,0.7714,39.0,1631.0
cifar100,clean,symmetric,0.0,1,0.05,0.7,margin,0.9575223250707912,>=,clean_trained_upper_bound,,0.4968,0.0346215780998389,1242,43,1260,41,0.0449057843331095,0.4825268284130296,True,0.4825268284130296,0.5035,0.0325719960278053,certified,0.05,0.0166666666666666,0.0166666666666666,risk_only_legacy,simultaneous_rows,3,0.0166666666666666,0.0166666666666666,runs/srcc_cifar100_clean_seed1,resnet18,120,0.0166666666666666,0.0325396825396825,0.504,5035.0,164.0,0.7715,80.0,1180.0
cifar100,clean,symmetric,0.0,1,0.1,0.7,margin,0.7865070529331044,>=,clean_trained_upper_bound,,0.6424,0.0684931506849315,1606,110,1627,99,0.0747080446678974,0.6301166185725529,True,0.6301166185725529,0.6442,0.0641105246817758,certified,0.05,0.0166666666666666,0.0166666666666666,risk_only_legacy,simultaneous_rows,3,0.0166666666666666,0.0166666666666666,runs/srcc_cifar100_clean_seed1,resnet18,120,0.0166666666666666,0.0608481868469575,0.6508,6442.0,413.0,0.7715,39.0,1588.0
cifar100,clean,symmetric,0.0,2,0.05,0.5,msp,0.9785138948983304,>=,clean_trained_upper_bound,,0.472,0.0245762711864406,1180,29,1188,43,0.0495458809083638,0.4537913927172209,True,0.4537913927172209,0.4798,0.0293872446852855,certified,0.05,0.0166666666666666,0.0166666666666666,risk_only_legacy,simultaneous_rows,3,0.0166666666666666,0.0166666666666666,runs/srcc_cifar100_clean_seed2,resnet18,120,0.0166666666666666,0.0361952861952862,0.4752,4798.0,141.0,0.7705,80.0,1108.0
cifar100,clean,symmetric,0.0,2,0.1,0.7,margin,0.7490220936700824,>=,clean_trained_upper_bound,,0.6524,0.0698957694665849,1631,114,1650,121,0.0881887463360571,0.6394320046953513,True,0.6394320046953513,0.6645,0.0711813393528969,certified,0.05,0.0166666666666666,0.0166666666666666,risk_only_legacy,simultaneous_rows,3,0.0166666666666666,0.0166666666666666,runs/srcc_cifar100_clean_seed2,resnet18,120,0.0166666666666666,0.0733333333333333,0.66,6645.0,473.0,0.7705,39.0,1611.0
