dataset,regime,alpha,requested_budget,gamma,score_name,row_count,certification_rate,mean_certified_coverage_at_alpha,mean_cert_risk_ucb,mean_test_risk,mean_test_coverage
cifar10,asym20,0.05,1000,0.5,energy,5,0.0,0.0,0.29214237390362957,0.055994756600936044,0.08696000000000001
cifar10,asym20,0.05,1000,0.5,entropy,5,0.0,0.0,0.07721024039265476,0.03777492225999867,0.19052000000000002
cifar10,asym20,0.05,1000,0.5,margin,5,0.0,0.0,0.0774015898046307,0.03846649939935765,0.19302000000000002
cifar10,asym20,0.05,1000,0.5,maxlogit,5,0.0,0.0,0.3076973698023479,0.03949863612977502,0.08832
cifar10,asym20,0.05,1000,0.5,msp,5,0.0,0.0,0.07428306645548174,0.03722091985894013,0.18619999999999998
cifar10,asym20,0.05,1000,0.7,energy,5,0.0,0.0,0.15003145120100733,0.049108169666484604,0.11832000000000001
cifar10,asym20,0.05,1000,0.7,entropy,5,0.0,0.0,0.07796379602070326,0.046611454750771504,0.30888
cifar10,asym20,0.05,1000,0.7,margin,5,0.0,0.0,0.08042570284903258,0.045214509844575444,0.28104
cifar10,asym20,0.05,1000,0.7,maxlogit,5,0.0,0.0,0.14712515304775456,0.05007102424801935,0.12517999999999999
cifar10,asym20,0.05,1000,0.7,msp,5,0.0,0.0,0.07818379787051256,0.045744330276248676,0.29986
cifar10,asym20,0.05,1000,1.0,energy,5,0.0,0.0,0.11770253169396258,0.05407452765399499,0.17376
cifar10,asym20,0.05,1000,1.0,entropy,5,0.0,0.0,0.08258849653089877,0.056415155972918615,0.41286000000000006
cifar10,asym20,0.05,1000,1.0,margin,5,0.0,0.0,0.08126242097530836,0.05714581011136877,0.40724
cifar10,asym20,0.05,1000,1.0,maxlogit,5,0.0,0.0,0.12039246497056318,0.055279397399153704,0.19358
cifar10,asym20,0.05,1000,1.0,msp,5,0.0,0.0,0.08120430875140754,0.0562675036056007,0.40952
cifar10,asym20,0.05,1500,0.5,energy,5,0.0,0.0,0.1317073993283886,0.04608149421844214,0.08056
cifar10,asym20,0.05,1500,0.5,entropy,5,0.0,0.0,0.07882710034557137,0.03872204440399128,0.20004
cifar10,asym20,0.05,1500,0.5,margin,5,0.0,0.0,0.07431342242003139,0.040368766095277106,0.20822
cifar10,asym20,0.05,1500,0.5,maxlogit,5,0.0,0.0,0.13611402195072014,0.0476689893353562,0.07908000000000001
cifar10,asym20,0.05,1500,0.5,msp,5,0.0,0.0,0.0741762751318902,0.03908134312185885,0.1968
cifar10,asym20,0.05,1500,0.7,energy,5,0.0,0.0,0.11254271896604669,0.04923032449848365,0.12918000000000002
cifar10,asym20,0.05,1500,0.7,entropy,5,0.0,0.0,0.06835896249487983,0.04306224546860725,0.2732
cifar10,asym20,0.05,1500,0.7,margin,5,0.0,0.0,0.06941346484416738,0.04291220036042402,0.25058
cifar10,asym20,0.05,1500,0.7,maxlogit,5,0.0,0.0,0.11347981405185907,0.04901458843612937,0.12852000000000002
cifar10,asym20,0.05,1500,0.7,msp,5,0.0,0.0,0.06930656726584673,0.04183658333991784,0.25552
cifar10,asym20,0.05,1500,1.0,energy,5,0.0,0.0,0.09316896562919647,0.05932045052481427,0.24012000000000003
cifar10,asym20,0.05,1500,1.0,entropy,5,0.0,0.0,0.07338949017400354,0.056744208819457756,0.41912000000000005
cifar10,asym20,0.05,1500,1.0,margin,5,0.0,0.0,0.07372674851881014,0.05675753997582463,0.40122
cifar10,asym20,0.05,1500,1.0,maxlogit,5,0.0,0.0,0.093727290674239,0.05999830353956359,0.26011999999999996
cifar10,asym20,0.05,1500,1.0,msp,5,0.0,0.0,0.0733823624243583,0.05612487331034436,0.40896
cifar10,asym20,0.05,2000,0.5,energy,5,0.0,0.0,0.12052404437379641,0.047787819238297564,0.07668
cifar10,asym20,0.05,2000,0.5,entropy,5,0.0,0.0,0.06687096629171826,0.03657579025951032,0.1749
cifar10,asym20,0.05,2000,0.5,margin,5,0.0,0.0,0.06453888095283755,0.038825038210119726,0.18376
cifar10,asym20,0.05,2000,0.5,maxlogit,5,0.0,0.0,0.11707874237731711,0.046471510534688606,0.07978
cifar10,asym20,0.05,2000,0.5,msp,5,0.0,0.0,0.06560912006987846,0.037080674306074465,0.18285999999999997
cifar10,asym20,0.05,2000,0.7,energy,5,0.0,0.0,0.092792782350336,0.0501154522267506,0.14752
cifar10,asym20,0.05,2000,0.7,entropy,5,0.0,0.0,0.06385849715982173,0.0403528781664997,0.24592
cifar10,asym20,0.05,2000,0.7,margin,5,0.0,0.0,0.06434421914307761,0.03977506203744051,0.22207999999999997
cifar10,asym20,0.05,2000,0.7,maxlogit,5,0.0,0.0,0.09309208586751198,0.04996948531866285,0.14675999999999997
cifar10,asym20,0.05,2000,0.7,msp,5,0.0,0.0,0.06515236347267939,0.041670520974392555,0.25318
cifar10,asym20,0.05,2000,1.0,energy,5,0.0,0.0,0.08754991184282869,0.054473770793922204,0.20002
cifar10,asym20,0.05,2000,1.0,entropy,5,0.0,0.0,0.07162285224054038,0.05436488401783446,0.39608000000000004
cifar10,asym20,0.05,2000,1.0,margin,5,0.0,0.0,0.07076006277112767,0.0559768100074188,0.39014000000000004
cifar10,asym20,0.05,2000,1.0,maxlogit,5,0.0,0.0,0.08655859150115322,0.05316619928739148,0.20106000000000002
cifar10,asym20,0.05,2000,1.0,msp,5,0.0,0.0,0.07142824841403897,0.05494869022073108,0.39388
cifar10,asym20,0.05,250,0.5,energy,5,0.0,0.0,0.3628835962941409,0.05513894524447595,0.14386000000000002
cifar10,asym20,0.05,250,0.5,entropy,5,0.0,0.0,0.22957388915678134,0.03879939605253406,0.21963999999999997
cifar10,asym20,0.05,250,0.5,margin,5,0.0,0.0,0.26831346005026185,0.0347991537620201,0.20457999999999998
cifar10,asym20,0.05,250,0.5,maxlogit,5,0.0,0.0,0.3628835962941409,0.05416810030134769,0.14209999999999998
cifar10,asym20,0.05,250,0.5,msp,5,0.0,0.0,0.2575470013447227,0.03915023571338366,0.20594
cifar10,asym20,0.05,250,0.7,energy,5,0.0,0.0,0.32076413305990303,0.06302442026872354,0.20578
cifar10,asym20,0.05,250,0.7,entropy,5,0.0,0.0,0.23299839472931266,0.03942652672589486,0.23237999999999998
cifar10,asym20,0.05,250,0.7,margin,5,0.0,0.0,0.23690400592569594,0.0395817282978589,0.26866
cifar10,asym20,0.05,250,0.7,maxlogit,5,0.0,0.0,0.32112988900052913,0.061126838183058405,0.20418000000000003
cifar10,asym20,0.05,250,0.7,msp,5,0.0,0.0,0.24970175273878642,0.04077470133677538,0.22882000000000002
cifar10,asym20,0.05,250,1.0,energy,5,0.0,0.0,0.3182683922443813,0.06506022644061304,0.2217
cifar10,asym20,0.05,250,1.0,entropy,5,0.0,0.0,0.21232718644482235,0.04815233921615465,0.33262
cifar10,asym20,0.05,250,1.0,margin,5,0.0,0.0,0.23246660265335248,0.044151138593670994,0.31166
cifar10,asym20,0.05,250,1.0,maxlogit,5,0.0,0.0,0.32017921663584537,0.06723875616016087,0.25006
cifar10,asym20,0.05,250,1.0,msp,5,0.0,0.0,0.23050851404579994,0.0495856533210449,0.33318
cifar10,asym20,0.05,500,0.5,energy,5,0.0,0.0,0.3724450689880887,0.049283053855356404,0.096
cifar10,asym20,0.05,500,0.5,entropy,5,0.0,0.0,0.09640306256326617,0.0409211642343099,0.22964
cifar10,asym20,0.05,500,0.5,margin,5,0.0,0.0,0.1005731747456035,0.04215756623852866,0.22671999999999998
cifar10,asym20,0.05,500,0.5,maxlogit,5,0.0,0.0,0.36883374472301494,0.04925776506498156,0.0978
cifar10,asym20,0.05,500,0.5,msp,5,0.0,0.0,0.09470267038266493,0.0411266948223565,0.23305999999999996
cifar10,asym20,0.05,500,0.7,energy,5,0.0,0.0,0.36096480355985644,0.050350549607898164,0.11013999999999999
cifar10,asym20,0.05,500,0.7,entropy,5,0.2,0.04696600960325226,0.09705060678302233,0.046548010379092286,0.30973999999999996
cifar10,asym20,0.05,500,0.7,margin,5,0.0,0.0,0.09916473054492218,0.04723741847009465,0.29968
cifar10,asym20,0.05,500,0.7,maxlogit,5,0.0,0.0,0.35582852503038415,0.052829589355967675,0.12132000000000001
cifar10,asym20,0.05,500,0.7,msp,5,0.0,0.0,0.09946164711215158,0.0460159746163038,0.30013999999999996
cifar10,asym20,0.05,500,1.0,energy,5,0.0,0.0,0.13151721642439243,0.06269779858323957,0.25095999999999996
cifar10,asym20,0.05,500,1.0,entropy,5,0.0,0.0,0.09674352777856739,0.05713786529958544,0.42358
cifar10,asym20,0.05,500,1.0,margin,5,0.0,0.0,0.10024579347513411,0.05872649903957141,0.42648
cifar10,asym20,0.05,500,1.0,maxlogit,5,0.0,0.0,0.13972708189392946,0.06344941445860988,0.27471999999999996
cifar10,asym20,0.05,500,1.0,msp,5,0.0,0.0,0.09749180735085763,0.05740988710276825,0.42392
cifar10,asym20,0.05,full,0.5,energy,5,0.0,0.0,0.1332881732272999,0.04523809523809524,0.042
cifar10,asym20,0.05,full,0.5,entropy,5,0.0,0.0,0.06204747694256576,0.03623611922852133,0.1711
cifar10,asym20,0.05,full,0.5,margin,5,0.0,0.0,0.05831304000735832,0.04008667388949079,0.1846
cifar10,asym20,0.05,full,0.5,maxlogit,5,0.0,0.0,0.11867514408462168,0.046341463414634146,0.041
cifar10,asym20,0.05,full,0.5,msp,5,0.0,0.0,0.0601223346505282,0.03745108999441028,0.1789
cifar10,asym20,0.05,full,0.7,energy,5,0.0,0.0,0.08605897613075347,0.049191848208011243,0.1423
cifar10,asym20,0.05,full,0.7,entropy,5,0.0,0.0,0.05712827052045559,0.042748091603053436,0.262
cifar10,asym20,0.05,full,0.7,margin,5,0.0,0.0,0.06156231788317921,0.0388739946380697,0.2238
cifar10,asym20,0.05,full,0.7,maxlogit,5,0.0,0.0,0.08660836213604955,0.04940014114326041,0.1417
cifar10,asym20,0.05,full,0.7,msp,5,0.0,0.0,0.059649348841666935,0.03927364864864865,0.23680000000000004
cifar10,asym20,0.05,full,1.0,energy,5,0.0,0.0,0.08086747492008098,0.053842388644150765,0.2043
cifar10,asym20,0.05,full,1.0,entropy,5,0.0,0.0,0.06786338545919185,0.053799082100968884,0.3922
cifar10,asym20,0.05,full,1.0,margin,5,0.0,0.0,0.06432885547036668,0.05714285714285714,0.392
cifar10,asym20,0.05,full,1.0,maxlogit,5,0.0,0.0,0.08024464144572539,0.05323741007194245,0.2085
cifar10,asym20,0.05,full,1.0,msp,5,0.0,0.0,0.06432885547036668,0.054735234215885956,0.3928
cifar10,asym20,0.1,1000,0.5,energy,5,0.4,0.07222311455568027,0.11770253169396258,0.05407452765399499,0.17376
cifar10,asym20,0.1,1000,0.5,entropy,5,1.0,0.3742704493947778,0.08258849653089877,0.056415155972918615,0.41286000000000006
cifar10,asym20,0.1,1000,0.5,margin,5,1.0,0.36910634220116767,0.08126242097530836,0.05714581011136877,0.40724
cifar10,asym20,0.1,1000,0.5,maxlogit,5,0.4,0.0908282584368245,0.12039246497056318,0.055279397399153704,0.19358
cifar10,asym20,0.1,1000,0.5,msp,5,1.0,0.36972772012211186,0.08120430875140754,0.0562675036056007,0.40952
cifar10,asym20,0.1,1000,0.7,energy,5,0.0,0.0,0.1167267576305219,0.07468195587674058,0.37626
cifar10,asym20,0.1,1000,0.7,entropy,5,0.8,0.3809124396234423,0.09407715091593374,0.06781503861600374,0.51982
cifar10,asym20,0.1,1000,0.7,margin,5,0.6,0.27284095619146387,0.0971486122895709,0.06854821796115748,0.51472
cifar10,asym20,0.1,1000,0.7,maxlogit,5,0.2,0.08975623202493974,0.1141659005768553,0.07695222390482258,0.41776
cifar10,asym20,0.1,1000,0.7,msp,5,0.6,0.2806066717122457,0.09830629312873514,0.0691419615047344,0.52378
cifar10,asym20,0.1,1000,1.0,energy,5,0.0,0.0,0.14598395428671443,0.1051421313350791,0.60468
cifar10,asym20,0.1,1000,1.0,entropy,5,0.0,0.0,0.12508055041491692,0.09843953453446615,0.6721600000000001
cifar10,asym20,0.1,1000,1.0,margin,5,0.0,0.0,0.12580133137017765,0.09967757740676175,0.6687000000000001
cifar10,asym20,0.1,1000,1.0,maxlogit,5,0.0,0.0,0.1402830920220767,0.10134408987489,0.61048
cifar10,asym20,0.1,1000,1.0,msp,5,0.0,0.0,0.12558697509214803,0.09952007407149611,0.6715399999999999
cifar10,asym20,0.1,1500,0.5,energy,5,0.8,0.17347183870323885,0.09316896562919647,0.05932045052481427,0.24012000000000003
cifar10,asym20,0.1,1500,0.5,entropy,5,1.0,0.38182966481432445,0.07338949017400354,0.056744208819457756,0.41912000000000005
cifar10,asym20,0.1,1500,0.5,margin,5,1.0,0.36371049295526203,0.07372674851881014,0.05675753997582463,0.40122
cifar10,asym20,0.1,1500,0.5,maxlogit,5,0.6,0.13009289379389474,0.093727290674239,0.05999830353956359,0.26011999999999996
cifar10,asym20,0.1,1500,0.5,msp,5,1.0,0.37012829398304625,0.0733823624243583,0.05612487331034436,0.40896
cifar10,asym20,0.1,1500,0.7,energy,5,0.2,0.037319914269368246,0.11225303259770777,0.07795074251532716,0.40132
cifar10,asym20,0.1,1500,0.7,entropy,5,0.8,0.4101339865178274,0.09226887232602207,0.0713973628295829,0.54762
cifar10,asym20,0.1,1500,0.7,margin,5,0.8,0.41199917792405244,0.09396391225439522,0.0719085981706005,0.54348
cifar10,asym20,0.1,1500,0.7,maxlogit,5,0.2,0.04165396848432516,0.1116091031549151,0.08020453867056919,0.4297000000000001
cifar10,asym20,0.1,1500,0.7,msp,5,1.0,0.5120158206296741,0.09231152444884491,0.07132802638327597,0.5438799999999999
cifar10,asym20,0.1,1500,1.0,energy,5,0.0,0.0,0.13959904044023252,0.10607148799679127,0.6112599999999999
cifar10,asym20,0.1,1500,1.0,entropy,5,0.0,0.0,0.12605284938891254,0.10809127943873793,0.71162
cifar10,asym20,0.1,1500,1.0,margin,5,0.0,0.0,0.12647658766559083,0.11037000372423356,0.71094
cifar10,asym20,0.1,1500,1.0,maxlogit,5,0.0,0.0,0.13359214733127997,0.10268771025380174,0.61838
cifar10,asym20,0.1,1500,1.0,msp,5,0.0,0.0,0.12748970445425997,0.10966291935953867,0.71182
cifar10,asym20,0.1,2000,0.5,energy,5,1.0,0.161048713677631,0.08754991184282869,0.054473770793922204,0.20002
cifar10,asym20,0.1,2000,0.5,entropy,5,1.0,0.3659836499416031,0.07162285224054038,0.05436488401783446,0.39608000000000004
cifar10,asym20,0.1,2000,0.5,margin,5,1.0,0.358084344575792,0.07076006277112767,0.0559768100074188,0.39014000000000004
cifar10,asym20,0.1,2000,0.5,maxlogit,5,1.0,0.16245823381692284,0.08655859150115322,0.05316619928739148,0.20106000000000002
cifar10,asym20,0.1,2000,0.5,msp,5,1.0,0.3624289644350899,0.07142824841403897,0.05494869022073108,0.39388
cifar10,asym20,0.1,2000,0.7,energy,5,0.4,0.12374898951694313,0.10402440209899697,0.07481798534908377,0.38068
cifar10,asym20,0.1,2000,0.7,entropy,5,1.0,0.4970980505679658,0.08658658070701084,0.06720255213684606,0.52466
cifar10,asym20,0.1,2000,0.7,margin,5,1.0,0.49262777962983584,0.08732033521891155,0.06842350629985755,0.52104
cifar10,asym20,0.1,2000,0.7,maxlogit,5,0.2,0.06815164175605692,0.1056610833974205,0.07947276537905323,0.44378
cifar10,asym20,0.1,2000,0.7,msp,5,1.0,0.4961088826182647,0.08575062141621614,0.06814806779146551,0.5249
cifar10,asym20,0.1,2000,1.0,energy,5,0.0,0.0,0.13029534036574036,0.10271813750243168,0.5908200000000001
cifar10,asym20,0.1,2000,1.0,entropy,5,0.0,0.0,0.11406179039019741,0.10375607683530433,0.69532
cifar10,asym20,0.1,2000,1.0,margin,5,0.0,0.0,0.1145831143538446,0.10631121103917163,0.6955
cifar10,asym20,0.1,2000,1.0,maxlogit,5,0.0,0.0,0.12401432206328174,0.09982031338782257,0.60002
cifar10,asym20,0.1,2000,1.0,msp,5,0.0,0.0,0.11572753094601249,0.10603335532999389,0.69832
cifar10,asym20,0.1,250,0.5,energy,5,0.4,0.08570882501478079,0.3182683922443813,0.06506022644061304,0.2217
cifar10,asym20,0.1,250,0.5,entropy,5,0.2,0.06750080483724845,0.21232718644482235,0.04815233921615465,0.33262
cifar10,asym20,0.1,250,0.5,margin,5,0.2,0.06903273222023268,0.23246660265335248,0.044151138593670994,0.31166
cifar10,asym20,0.1,250,0.5,maxlogit,5,0.2,0.03994388519127743,0.32017921663584537,0.06723875616016087,0.25006
cifar10,asym20,0.1,250,0.5,msp,5,0.2,0.06980019108073363,0.23050851404579994,0.0495856533210449,0.33318
cifar10,asym20,0.1,250,0.7,energy,5,0.0,0.0,0.3327131471643491,0.07340764120762897,0.2965
cifar10,asym20,0.1,250,0.7,entropy,5,0.2,0.07752877859248458,0.11109215613438397,0.06529739937246762,0.4993
cifar10,asym20,0.1,250,0.7,margin,5,0.4,0.1683770559130607,0.1122635004285701,0.06528360102205803,0.49358
cifar10,asym20,0.1,250,0.7,maxlogit,5,0.0,0.0,0.33071600875969737,0.07415828982224629,0.31076
cifar10,asym20,0.1,250,0.7,msp,5,0.2,0.0783069770708296,0.11360846593807024,0.06594073257136532,0.49898
cifar10,asym20,0.1,250,1.0,energy,5,0.0,0.0,0.17267918964409135,0.09251160466273163,0.51198
cifar10,asym20,0.1,250,1.0,entropy,5,0.0,0.0,0.1517258352124262,0.1017004720720942,0.6822
cifar10,asym20,0.1,250,1.0,margin,5,0.0,0.0,0.14579198976887367,0.10119478018998507,0.67268
cifar10,asym20,0.1,250,1.0,maxlogit,5,0.0,0.0,0.1627778080318774,0.09040088997882481,0.5208600000000001
cifar10,asym20,0.1,250,1.0,msp,5,0.0,0.0,0.14920172908959503,0.10273874940959633,0.6805999999999999
cifar10,asym20,0.1,500,0.5,energy,5,0.4,0.09864312002624287,0.13151721642439243,0.06269779858323957,0.25095999999999996
cifar10,asym20,0.1,500,0.5,entropy,5,0.4,0.12636884031648413,0.09674352777856739,0.05713786529958544,0.42358
cifar10,asym20,0.1,500,0.5,margin,5,0.6,0.21975727524835637,0.10024579347513411,0.05872649903957141,0.42648
cifar10,asym20,0.1,500,0.5,maxlogit,5,0.2,0.03838383851477511,0.13972708189392946,0.06344941445860988,0.27471999999999996
cifar10,asym20,0.1,500,0.5,msp,5,0.6,0.21521100991704398,0.09749180735085763,0.05740988710276825,0.42392
cifar10,asym20,0.1,500,0.7,energy,5,0.0,0.0,0.14764375976334343,0.07305319320749211,0.35118
cifar10,asym20,0.1,500,0.7,entropy,5,0.2,0.09350435646978116,0.1122936091339781,0.07374378772987818,0.55896
cifar10,asym20,0.1,500,0.7,margin,5,0.2,0.09470056271939896,0.11523989215329788,0.07589006039871946,0.56318
cifar10,asym20,0.1,500,0.7,maxlogit,5,0.0,0.0,0.1406159612314399,0.07508081731241943,0.38048000000000004
cifar10,asym20,0.1,500,0.7,msp,5,0.2,0.09470056271939896,0.11439671930661706,0.07491207078434352,0.5625199999999999
cifar10,asym20,0.1,500,1.0,energy,5,0.0,0.0,0.15795881391717007,0.1054775462106708,0.60678
cifar10,asym20,0.1,500,1.0,entropy,5,0.0,0.0,0.14407614012236608,0.10511093586099762,0.69912
cifar10,asym20,0.1,500,1.0,margin,5,0.0,0.0,0.13966776718203197,0.10717910441993639,0.70016
cifar10,asym20,0.1,500,1.0,maxlogit,5,0.0,0.0,0.15140067109148342,0.10344929899304803,0.61676
cifar10,asym20,0.1,500,1.0,msp,5,0.0,0.0,0.14160946980004835,0.10502476070229769,0.69418
cifar10,asym20,0.1,full,0.5,energy,5,1.0,0.16924321651764748,0.08086747492008098,0.053842388644150765,0.2043
cifar10,asym20,0.1,full,0.5,entropy,5,1.0,0.36269782145922685,0.06786338545919185,0.053799082100968884,0.3922
cifar10,asym20,0.1,full,0.5,margin,5,1.0,0.36230298065477917,0.06432885547036668,0.05714285714285714,0.392
cifar10,asym20,0.1,full,0.5,maxlogit,5,1.0,0.17654528676945985,0.08024464144572539,0.05323741007194245,0.2085
cifar10,asym20,0.1,full,0.5,msp,5,1.0,0.36230298065477917,0.06432885547036668,0.054735234215885956,0.3928
cifar10,asym20,0.1,full,0.7,energy,5,0.0,0.0,0.10543743272630009,0.07571801566579635,0.383
cifar10,asym20,0.1,full,0.7,entropy,5,1.0,0.5086730538065272,0.08246948988827027,0.06860356138706654,0.5335
cifar10,asym20,0.1,full,0.7,margin,5,1.0,0.5086730538065272,0.08580458944427174,0.07014925373134329,0.536
cifar10,asym20,0.1,full,0.7,maxlogit,5,0.0,0.0,0.10158689892894868,0.07927646270656544,0.4478
cifar10,asym20,0.1,full,0.7,msp,5,1.0,0.5078719134156421,0.08259230889796888,0.06897844423617619,0.5335
cifar10,asym20,0.1,full,1.0,energy,5,0.0,0.0,0.12773514948806614,0.1023595314887116,0.5891
cifar10,asym20,0.1,full,1.0,entropy,5,0.0,0.0,0.11385920113063716,0.10644337212602897,0.7046
cifar10,asym20,0.1,full,1.0,margin,5,0.0,0.0,0.11536269609275082,0.10936393256835246,0.7059
cifar10,asym20,0.1,full,1.0,maxlogit,5,0.0,0.0,0.12408258276389643,0.10133594004561748,0.6138
cifar10,asym20,0.1,full,1.0,msp,5,0.0,0.0,0.11362779343129618,0.10734543391945547,0.7052
cifar10,sym35,0.05,1000,0.5,energy,5,0.0,0.0,0.22868043626982876,0.052034697958642115,0.04362
cifar10,sym35,0.05,1000,0.5,entropy,5,0.0,0.0,0.268615303494121,0.032772398192665274,0.02374
cifar10,sym35,0.05,1000,0.5,margin,5,0.0,0.0,0.3063051381544163,0.029150463801574378,0.01942
cifar10,sym35,0.05,1000,0.5,maxlogit,5,0.0,0.0,0.218606863392931,0.051808891224297784,0.04342
cifar10,sym35,0.05,1000,0.5,msp,5,0.0,0.0,0.28116579506192757,0.03076336870901149,0.023
cifar10,sym35,0.05,1000,0.7,energy,5,0.0,0.0,0.1877722760619593,0.05452685099296202,0.05352
cifar10,sym35,0.05,1000,0.7,entropy,5,0.0,0.0,0.23183986148297625,0.04033918249665064,0.03542
cifar10,sym35,0.05,1000,0.7,margin,5,0.0,0.0,0.2501902587515315,0.03875969466319985,0.035019999999999996
cifar10,sym35,0.05,1000,0.7,maxlogit,5,0.0,0.0,0.19846822894191044,0.054486161788570374,0.051960000000000006
cifar10,sym35,0.05,1000,0.7,msp,5,0.0,0.0,0.2468663534649101,0.0393063111696402,0.034839999999999996
cifar10,sym35,0.05,1000,1.0,energy,5,0.0,0.0,0.1607210462316723,0.058820107925192336,0.08675999999999999
cifar10,sym35,0.05,1000,1.0,entropy,5,0.0,0.0,0.15765165143197526,0.04119698621446064,0.08042
cifar10,sym35,0.05,1000,1.0,margin,5,0.0,0.0,0.16321255781664368,0.04365877199528769,0.0616
cifar10,sym35,0.05,1000,1.0,maxlogit,5,0.0,0.0,0.15689824791437287,0.05825959751220615,0.08778
cifar10,sym35,0.05,1000,1.0,msp,5,0.0,0.0,0.16393138785372594,0.04194746452682306,0.08004
cifar10,sym35,0.05,1500,0.5,energy,5,0.0,0.0,0.2032255980798004,0.05526330185703201,0.03848
cifar10,sym35,0.05,1500,0.5,entropy,5,0.0,0.0,0.18706048253222204,0.036218847183583064,0.044180000000000004
cifar10,sym35,0.05,1500,0.5,margin,5,0.0,0.0,0.1895891032081542,0.032331725689360394,0.03652
cifar10,sym35,0.05,1500,0.5,maxlogit,5,0.0,0.0,0.20255086396207736,0.04756549719404092,0.03742
cifar10,sym35,0.05,1500,0.5,msp,5,0.0,0.0,0.18451000572359186,0.035920735374222426,0.04434
cifar10,sym35,0.05,1500,0.7,energy,5,0.0,0.0,0.19237263804365895,0.05545309787802891,0.043519999999999996
cifar10,sym35,0.05,1500,0.7,entropy,5,0.0,0.0,0.17702623855047084,0.0381578367347326,0.04796
cifar10,sym35,0.05,1500,0.7,margin,5,0.0,0.0,0.19400233224388166,0.0336355234916602,0.044
cifar10,sym35,0.05,1500,0.7,maxlogit,5,0.0,0.0,0.18923611161329415,0.05341654942861581,0.04506
cifar10,sym35,0.05,1500,0.7,msp,5,0.0,0.0,0.17880637812155215,0.03903588197359757,0.04544
cifar10,sym35,0.05,1500,1.0,energy,5,0.0,0.0,0.14815507251643942,0.056012707181743504,0.07316
cifar10,sym35,0.05,1500,1.0,entropy,5,0.0,0.0,0.13606796126704146,0.04691608947419654,0.11402000000000001
cifar10,sym35,0.05,1500,1.0,margin,5,0.0,0.0,0.14015950451154882,0.04470829998936638,0.11188000000000001
cifar10,sym35,0.05,1500,1.0,maxlogit,5,0.0,0.0,0.15232217775360474,0.05566728780639494,0.06736
cifar10,sym35,0.05,1500,1.0,msp,5,0.0,0.0,0.14187651199510645,0.04703699726210165,0.11134
cifar10,sym35,0.05,2000,0.5,energy,5,0.0,0.0,0.18772997697872743,0.05317136956920403,0.031520000000000006
cifar10,sym35,0.05,2000,0.5,entropy,5,0.0,0.0,0.1649403340680692,0.0402364614070805,0.036699999999999997
cifar10,sym35,0.05,2000,0.5,margin,5,0.0,0.0,0.16715432927338875,0.03675826198331257,0.03524
cifar10,sym35,0.05,2000,0.5,maxlogit,5,0.0,0.0,0.19054382588967722,0.053485669877028706,0.032619999999999996
cifar10,sym35,0.05,2000,0.5,msp,5,0.0,0.0,0.1625124184738027,0.03937617299324609,0.03812
cifar10,sym35,0.05,2000,0.7,energy,5,0.0,0.0,0.1593562744781712,0.054188249260457844,0.053059999999999996
cifar10,sym35,0.05,2000,0.7,entropy,5,0.0,0.0,0.16230009215346897,0.03731730702676374,0.0491
cifar10,sym35,0.05,2000,0.7,margin,5,0.0,0.0,0.15384801782146965,0.03892182039045295,0.03934
cifar10,sym35,0.05,2000,0.7,maxlogit,5,0.0,0.0,0.16582297044228383,0.05468623410145538,0.0497
cifar10,sym35,0.05,2000,0.7,msp,5,0.0,0.0,0.15934548263920528,0.03649170978485177,0.04968
cifar10,sym35,0.05,2000,1.0,energy,5,0.0,0.0,0.13730169663561834,0.055619176929858606,0.07388
cifar10,sym35,0.05,2000,1.0,entropy,5,0.0,0.0,0.1220995197230097,0.045569523983454756,0.1163
cifar10,sym35,0.05,2000,1.0,margin,5,0.0,0.0,0.11603408001768314,0.048739307898242046,0.10224000000000003
cifar10,sym35,0.05,2000,1.0,maxlogit,5,0.0,0.0,0.13655659676725226,0.05594352111624079,0.07704
cifar10,sym35,0.05,2000,1.0,msp,5,0.0,0.0,0.11964358537636226,0.04467567755028514,0.11966000000000002
cifar10,sym35,0.05,250,0.5,energy,5,0.0,0.0,0.5043016318682263,0.056430124254428206,0.06772
cifar10,sym35,0.05,250,0.5,entropy,5,0.0,0.0,0.4272060560013581,0.04562668577081145,0.08196
cifar10,sym35,0.05,250,0.5,margin,5,0.0,0.0,0.42838017338198864,0.042708818522225835,0.07638
cifar10,sym35,0.05,250,0.5,maxlogit,5,0.0,0.0,0.5043016318682263,0.05787391492576619,0.06617999999999999
cifar10,sym35,0.05,250,0.5,msp,5,0.0,0.0,0.43790266602171724,0.044881431529490236,0.08073999999999999
cifar10,sym35,0.05,250,0.7,energy,5,0.0,0.0,0.5001793658706022,0.05709837105507611,0.07266
cifar10,sym35,0.05,250,0.7,entropy,5,0.0,0.0,0.34704441665765556,0.04749023205382823,0.1183
cifar10,sym35,0.05,250,0.7,margin,5,0.0,0.0,0.331666293288993,0.047971607787284466,0.12438
cifar10,sym35,0.05,250,0.7,maxlogit,5,0.0,0.0,0.5001793658706022,0.05869873221945312,0.0713
cifar10,sym35,0.05,250,0.7,msp,5,0.0,0.0,0.35540808080117514,0.047473310068929034,0.11816
cifar10,sym35,0.05,250,1.0,energy,5,0.0,0.0,0.3731369246910855,0.06325275943071633,0.10808
cifar10,sym35,0.05,250,1.0,entropy,5,0.0,0.0,0.34011276472255614,0.05039501798665019,0.12816
cifar10,sym35,0.05,250,1.0,margin,5,0.0,0.0,0.32797221380549424,0.0509203268389079,0.1328
cifar10,sym35,0.05,250,1.0,maxlogit,5,0.0,0.0,0.37354653714649244,0.06306324525152894,0.10664
cifar10,sym35,0.05,250,1.0,msp,5,0.0,0.0,0.345942033853853,0.050264306311072725,0.12802
cifar10,sym35,0.05,500,0.5,energy,5,0.0,0.0,0.3633888746768224,0.05047154921983277,0.032740000000000005
cifar10,sym35,0.05,500,0.5,entropy,5,0.0,0.0,0.3576703669723161,0.03473524735472573,0.038380000000000004
cifar10,sym35,0.05,500,0.5,margin,5,0.0,0.0,0.3697120024646413,0.035257963328647494,0.03492000000000001
cifar10,sym35,0.05,500,0.5,maxlogit,5,0.0,0.0,0.3633888746768224,0.051455888138071205,0.032119999999999996
cifar10,sym35,0.05,500,0.5,msp,5,0.0,0.0,0.3555148447644666,0.035615639897395426,0.035699999999999996
cifar10,sym35,0.05,500,0.7,energy,5,0.0,0.0,0.3633888746768224,0.05047154921983277,0.032740000000000005
cifar10,sym35,0.05,500,0.7,entropy,5,0.0,0.0,0.3107611934800329,0.03708406434084842,0.05740000000000001
cifar10,sym35,0.05,500,0.7,margin,5,0.0,0.0,0.3300781403219289,0.03676845247838244,0.056400000000000006
cifar10,sym35,0.05,500,0.7,maxlogit,5,0.0,0.0,0.3633888746768224,0.051455888138071205,0.032119999999999996
cifar10,sym35,0.05,500,0.7,msp,5,0.0,0.0,0.3163733161276704,0.037742498172915744,0.05188
cifar10,sym35,0.05,500,1.0,energy,5,0.0,0.0,0.30175484718458273,0.053524942164604204,0.05066
cifar10,sym35,0.05,500,1.0,entropy,5,0.0,0.0,0.2573356658563907,0.039785606287669494,0.07242
cifar10,sym35,0.05,500,1.0,margin,5,0.0,0.0,0.24824083276100262,0.03913767560082791,0.0711
cifar10,sym35,0.05,500,1.0,maxlogit,5,0.0,0.0,0.30440105932169215,0.05360608892417854,0.0521
cifar10,sym35,0.05,500,1.0,msp,5,0.0,0.0,0.255423357510172,0.039504366644194586,0.07221999999999999
cifar10,sym35,0.05,full,0.5,energy,5,0.0,0.0,0.16457423862402418,0.05494505494505495,0.0273
cifar10,sym35,0.05,full,0.5,entropy,5,0.0,0.0,0.1475599743266666,0.03463203463203463,0.0231
cifar10,sym35,0.05,full,0.5,margin,5,0.0,0.0,0.16165368639475128,0.026737967914438505,0.0187
cifar10,sym35,0.05,full,0.5,maxlogit,5,0.0,0.0,0.17086370410812396,0.055762081784386616,0.0269
cifar10,sym35,0.05,full,0.5,msp,5,0.0,0.0,0.15190805854884037,0.03508771929824561,0.0228
cifar10,sym35,0.05,full,0.7,energy,5,0.0,0.0,0.1381681358388824,0.05707196029776675,0.0403
cifar10,sym35,0.05,full,0.7,entropy,5,0.0,0.0,0.14825191453657005,0.0313588850174216,0.028699999999999996
cifar10,sym35,0.05,full,0.7,margin,5,0.0,0.0,0.10500608167989274,0.04807692307692308,0.052000000000000005
cifar10,sym35,0.05,full,0.7,maxlogit,5,0.0,0.0,0.13724364663275562,0.05239179954441914,0.0439
cifar10,sym35,0.05,full,0.7,msp,5,0.0,0.0,0.15012419867167043,0.03180212014134275,0.0283
cifar10,sym35,0.05,full,1.0,energy,5,0.0,0.0,0.10937664485492096,0.058333333333333334,0.084
cifar10,sym35,0.05,full,1.0,entropy,5,0.0,0.0,0.11146542064796447,0.04132231404958678,0.1089
cifar10,sym35,0.05,full,1.0,margin,5,0.0,0.0,0.10804929265500443,0.04966887417218543,0.060399999999999995
cifar10,sym35,0.05,full,1.0,maxlogit,5,0.0,0.0,0.11031069653188803,0.05690072639225181,0.0826
cifar10,sym35,0.05,full,1.0,msp,5,0.0,0.0,0.11316280392704244,0.041121495327102804,0.10700000000000001
cifar10,sym35,0.1,1000,0.5,energy,5,0.0,0.0,0.1607210462316723,0.058820107925192336,0.08675999999999999
cifar10,sym35,0.1,1000,0.5,entropy,5,0.0,0.0,0.15765165143197526,0.04119698621446064,0.08042
cifar10,sym35,0.1,1000,0.5,margin,5,0.0,0.0,0.16321255781664368,0.04365877199528769,0.0616
cifar10,sym35,0.1,1000,0.5,maxlogit,5,0.0,0.0,0.15689824791437287,0.05825959751220615,0.08778
cifar10,sym35,0.1,1000,0.5,msp,5,0.0,0.0,0.16393138785372594,0.04194746452682306,0.08004
cifar10,sym35,0.1,1000,0.7,energy,5,0.0,0.0,0.13651750571103613,0.06865353046720643,0.1517
cifar10,sym35,0.1,1000,0.7,entropy,5,0.0,0.0,0.13364736918649037,0.05751582401436225,0.15234
cifar10,sym35,0.1,1000,0.7,margin,5,0.2,0.025718920886870177,0.13453664691282763,0.05710974286242754,0.15046
cifar10,sym35,0.1,1000,0.7,maxlogit,5,0.0,0.0,0.1351115198287925,0.06845082224222707,0.1503
cifar10,sym35,0.1,1000,0.7,msp,5,0.0,0.0,0.1407509506855348,0.0547598100151645,0.14156000000000002
cifar10,sym35,0.1,1000,1.0,energy,5,0.0,0.0,0.12303192303344188,0.0872698075930614,0.24452
cifar10,sym35,0.1,1000,1.0,entropy,5,0.0,0.0,0.11893516673396627,0.0959071877636146,0.33406
cifar10,sym35,0.1,1000,1.0,margin,5,0.0,0.0,0.11951067502171298,0.09577198810040358,0.33182
cifar10,sym35,0.1,1000,1.0,maxlogit,5,0.0,0.0,0.12193484575173116,0.08710608578666383,0.24698000000000003
cifar10,sym35,0.1,1000,1.0,msp,5,0.0,0.0,0.11896697179317695,0.09508953093564157,0.3301
cifar10,sym35,0.1,1500,0.5,energy,5,0.2,0.024596517442981355,0.14815507251643942,0.056012707181743504,0.07316
cifar10,sym35,0.1,1500,0.5,entropy,5,0.2,0.030233871501446446,0.13606796126704146,0.04691608947419654,0.11402000000000001
cifar10,sym35,0.1,1500,0.5,margin,5,0.2,0.029604767231008227,0.14015950451154882,0.04470829998936638,0.11188000000000001
cifar10,sym35,0.1,1500,0.5,maxlogit,5,0.2,0.024222812578489142,0.15232217775360474,0.05566728780639494,0.06736
cifar10,sym35,0.1,1500,0.5,msp,5,0.2,0.02947902318521118,0.14187651199510645,0.04703699726210165,0.11134
cifar10,sym35,0.1,1500,0.7,energy,5,0.2,0.03351505678706811,0.13400805923414472,0.06931073232237384,0.16432
cifar10,sym35,0.1,1500,0.7,entropy,5,0.2,0.03871968176413712,0.11754085090480668,0.06159635018232799,0.1669
cifar10,sym35,0.1,1500,0.7,margin,5,0.2,0.04050459284950088,0.12071226961964761,0.061920275192965835,0.18026
cifar10,sym35,0.1,1500,0.7,maxlogit,5,0.2,0.03313564907778044,0.1330560241372358,0.06887601385718531,0.16396
cifar10,sym35,0.1,1500,0.7,msp,5,0.2,0.03655742703464432,0.11732661477990322,0.06148999231369838,0.18012
cifar10,sym35,0.1,1500,1.0,energy,5,0.0,0.0,0.13647483701802396,0.09835740639270799,0.2859
cifar10,sym35,0.1,1500,1.0,entropy,5,0.2,0.05814405517952566,0.12419892402382442,0.09664631010314674,0.33704
cifar10,sym35,0.1,1500,1.0,margin,5,0.0,0.0,0.12694759230331676,0.09837180787406612,0.34126
cifar10,sym35,0.1,1500,1.0,maxlogit,5,0.0,0.0,0.13520984432978073,0.09728911084161787,0.28828
cifar10,sym35,0.1,1500,1.0,msp,5,0.0,0.0,0.12535874042199485,0.09777448461441257,0.34124
cifar10,sym35,0.1,2000,0.5,energy,5,0.0,0.0,0.13730169663561834,0.055619176929858606,0.07388
cifar10,sym35,0.1,2000,0.5,entropy,5,0.0,0.0,0.1220995197230097,0.045569523983454756,0.1163
cifar10,sym35,0.1,2000,0.5,margin,5,0.0,0.0,0.11603408001768314,0.048739307898242046,0.10224000000000003
cifar10,sym35,0.1,2000,0.5,maxlogit,5,0.0,0.0,0.13655659676725226,0.05594352111624079,0.07704
cifar10,sym35,0.1,2000,0.5,msp,5,0.0,0.0,0.11964358537636226,0.04467567755028514,0.11966000000000002
cifar10,sym35,0.1,2000,0.7,energy,5,0.0,0.0,0.12194611977943655,0.06903170180870724,0.15502
cifar10,sym35,0.1,2000,0.7,entropy,5,0.0,0.0,0.11231679354486471,0.05874599037497589,0.1693
cifar10,sym35,0.1,2000,0.7,margin,5,0.0,0.0,0.11456212947778514,0.05830506705481313,0.16736
cifar10,sym35,0.1,2000,0.7,maxlogit,5,0.0,0.0,0.12233612679547481,0.06740831393759969,0.15696000000000002
cifar10,sym35,0.1,2000,0.7,msp,5,0.0,0.0,0.11318762724854581,0.05953671967083577,0.17021999999999998
cifar10,sym35,0.1,2000,1.0,energy,5,0.0,0.0,0.1319271025613765,0.0950527085288692,0.27158
cifar10,sym35,0.1,2000,1.0,entropy,5,0.0,0.0,0.11619314763399406,0.08928405415054337,0.30738000000000004
cifar10,sym35,0.1,2000,1.0,margin,5,0.0,0.0,0.11603677693195028,0.0905280891092726,0.30814
cifar10,sym35,0.1,2000,1.0,maxlogit,5,0.0,0.0,0.13218975836975905,0.0947509085364336,0.27896
cifar10,sym35,0.1,2000,1.0,msp,5,0.0,0.0,0.11533454079253802,0.09014801262156766,0.30954000000000004
cifar10,sym35,0.1,250,0.5,energy,5,0.0,0.0,0.3731369246910855,0.06325275943071633,0.10808
cifar10,sym35,0.1,250,0.5,entropy,5,0.0,0.0,0.34011276472255614,0.05039501798665019,0.12816
cifar10,sym35,0.1,250,0.5,margin,5,0.0,0.0,0.32797221380549424,0.0509203268389079,0.1328
cifar10,sym35,0.1,250,0.5,maxlogit,5,0.0,0.0,0.37354653714649244,0.06306324525152894,0.10664
cifar10,sym35,0.1,250,0.5,msp,5,0.0,0.0,0.345942033853853,0.050264306311072725,0.12802
cifar10,sym35,0.1,250,0.7,energy,5,0.0,0.0,0.29060176902626267,0.06871809782071885,0.14653999999999998
cifar10,sym35,0.1,250,0.7,entropy,5,0.0,0.0,0.24353765783370945,0.06636184203162913,0.20102000000000003
cifar10,sym35,0.1,250,0.7,margin,5,0.0,0.0,0.23523560188712955,0.06528380914543186,0.19755999999999999
cifar10,sym35,0.1,250,0.7,maxlogit,5,0.0,0.0,0.289978179259739,0.06851763204328347,0.14546
cifar10,sym35,0.1,250,0.7,msp,5,0.0,0.0,0.2379412174102546,0.0652991475571714,0.19826000000000002
cifar10,sym35,0.1,250,1.0,energy,5,0.0,0.0,0.2175029542952877,0.10190941978582417,0.30034
cifar10,sym35,0.1,250,1.0,entropy,5,0.0,0.0,0.2057018281163976,0.10479572453320471,0.36888
cifar10,sym35,0.1,250,1.0,margin,5,0.0,0.0,0.20527717717166438,0.11355024472695789,0.39706
cifar10,sym35,0.1,250,1.0,maxlogit,5,0.0,0.0,0.22192917176228383,0.10034659660991678,0.30118
cifar10,sym35,0.1,250,1.0,msp,5,0.0,0.0,0.20779060185034073,0.11047701810608397,0.39048
cifar10,sym35,0.1,500,0.5,energy,5,0.0,0.0,0.30175484718458273,0.053524942164604204,0.05066
cifar10,sym35,0.1,500,0.5,entropy,5,0.0,0.0,0.2573356658563907,0.039785606287669494,0.07242
cifar10,sym35,0.1,500,0.5,margin,5,0.0,0.0,0.24824083276100262,0.03913767560082791,0.0711
cifar10,sym35,0.1,500,0.5,maxlogit,5,0.0,0.0,0.30440105932169215,0.05360608892417854,0.0521
cifar10,sym35,0.1,500,0.5,msp,5,0.0,0.0,0.255423357510172,0.039504366644194586,0.07221999999999999
cifar10,sym35,0.1,500,0.7,energy,5,0.0,0.0,0.1506110809674613,0.06478291649855145,0.12392
cifar10,sym35,0.1,500,0.7,entropy,5,0.0,0.0,0.1441352976413018,0.060121887612079095,0.17438000000000003
cifar10,sym35,0.1,500,0.7,margin,5,0.0,0.0,0.1426892437175134,0.0629199665560249,0.18454
cifar10,sym35,0.1,500,0.7,maxlogit,5,0.0,0.0,0.147805523049691,0.06398470957034776,0.1233
cifar10,sym35,0.1,500,0.7,msp,5,0.0,0.0,0.14334517718464618,0.06279284924295256,0.18075999999999998
cifar10,sym35,0.1,500,1.0,energy,5,0.0,0.0,0.1536858847345589,0.08311430691425217,0.22838000000000003
cifar10,sym35,0.1,500,1.0,entropy,5,0.0,0.0,0.13995469278068734,0.07661208568597312,0.24724
cifar10,sym35,0.1,500,1.0,margin,5,0.0,0.0,0.1551826165434836,0.07990243308997091,0.25726
cifar10,sym35,0.1,500,1.0,maxlogit,5,0.0,0.0,0.1461275390502943,0.08280582983032536,0.23115999999999998
cifar10,sym35,0.1,500,1.0,msp,5,0.0,0.0,0.14517163006334122,0.08158105327108951,0.27003999999999995
cifar10,sym35,0.1,full,0.5,energy,5,0.0,0.0,0.10937664485492096,0.058333333333333334,0.084
cifar10,sym35,0.1,full,0.5,entropy,5,0.0,0.0,0.11146542064796447,0.04132231404958678,0.1089
cifar10,sym35,0.1,full,0.5,margin,5,0.0,0.0,0.10804929265500443,0.04966887417218543,0.060399999999999995
cifar10,sym35,0.1,full,0.5,maxlogit,5,0.0,0.0,0.11031069653188803,0.05690072639225181,0.0826
cifar10,sym35,0.1,full,0.5,msp,5,0.0,0.0,0.11316280392704244,0.041121495327102804,0.10700000000000001
cifar10,sym35,0.1,full,0.7,energy,5,0.0,0.0,0.10717746327808601,0.06645367412140575,0.1565
cifar10,sym35,0.1,full,0.7,entropy,5,0.0,0.0,0.10130866555087914,0.057788944723618084,0.1592
cifar10,sym35,0.1,full,0.7,margin,5,0.0,0.0,0.10471899817004063,0.05682520074119827,0.1619
cifar10,sym35,0.1,full,0.7,maxlogit,5,0.0,0.0,0.1077505685633724,0.06918982850384388,0.1691
cifar10,sym35,0.1,full,0.7,msp,5,0.0,0.0,0.10599574218242543,0.05689001264222503,0.1582
cifar10,sym35,0.1,full,1.0,energy,5,0.0,0.0,0.12605136691563495,0.09522072236410069,0.2741
cifar10,sym35,0.1,full,1.0,entropy,5,0.0,0.0,0.10433214227028145,0.08760330578512397,0.3025
cifar10,sym35,0.1,full,1.0,margin,5,0.0,0.0,0.10935256783139953,0.09193548387096774,0.31
cifar10,sym35,0.1,full,1.0,maxlogit,5,0.0,0.0,0.12343922867140393,0.09588068181818182,0.2816
cifar10,sym35,0.1,full,1.0,msp,5,0.0,0.0,0.10379161975385023,0.08797364085667216,0.3035
cifar100,asym20,0.05,1000,0.5,energy,5,0.0,0.0,0.23086241406969615,0.0373482396879949,0.04823999999999999
cifar100,asym20,0.05,1000,0.5,entropy,5,0.0,0.0,0.07401764539739976,0.03390561833169896,0.18612
cifar100,asym20,0.05,1000,0.5,margin,5,0.0,0.0,0.0918462926369005,0.03304931730771421,0.16226
cifar100,asym20,0.05,1000,0.5,maxlogit,5,0.0,0.0,0.1474968681549197,0.03752312172647142,0.06264
cifar100,asym20,0.05,1000,0.5,msp,5,0.0,0.0,0.08776282767269086,0.0318689808860526,0.16394
cifar100,asym20,0.05,1000,0.7,energy,5,0.0,0.0,0.17744460122514247,0.04472850527810186,0.08474
cifar100,asym20,0.05,1000,0.7,entropy,5,0.0,0.0,0.09200195314305995,0.042431176955037425,0.22165999999999997
cifar100,asym20,0.05,1000,0.7,margin,5,0.0,0.0,0.08772167140925448,0.04405645697117373,0.21964
cifar100,asym20,0.05,1000,0.7,maxlogit,5,0.0,0.0,0.14581343688445295,0.046116538620982896,0.10036
cifar100,asym20,0.05,1000,0.7,msp,5,0.0,0.0,0.0865483525090789,0.04302098182191556,0.22088000000000002
cifar100,asym20,0.05,1000,1.0,energy,5,0.0,0.0,0.1413121809151194,0.05815376500100321,0.1497
cifar100,asym20,0.05,1000,1.0,entropy,5,0.0,0.0,0.09432762711282386,0.05210619930852263,0.26578
cifar100,asym20,0.05,1000,1.0,margin,5,0.0,0.0,0.09384414558901419,0.05309694459867721,0.26186
cifar100,asym20,0.05,1000,1.0,maxlogit,5,0.0,0.0,0.13709466761937847,0.060641548188541186,0.16795999999999997
cifar100,asym20,0.05,1000,1.0,msp,5,0.0,0.0,0.09353797819834263,0.05247249440153316,0.26374
cifar100,asym20,0.05,1500,0.5,energy,5,0.0,0.0,0.20351525745577784,0.03534335866181711,0.03994
cifar100,asym20,0.05,1500,0.5,entropy,5,0.0,0.0,0.06506799495017826,0.02745007740105453,0.15942
cifar100,asym20,0.05,1500,0.5,margin,5,0.2,0.011022293560555054,0.06755849849027695,0.029169480842316527,0.15456
cifar100,asym20,0.05,1500,0.5,maxlogit,5,0.0,0.0,0.18537432397291653,0.035150505542556,0.03674
cifar100,asym20,0.05,1500,0.5,msp,5,0.2,0.010903245419622842,0.06431851637450116,0.02773460774845467,0.15284
cifar100,asym20,0.05,1500,0.7,energy,5,0.0,0.0,0.16556506155399248,0.04242828888338136,0.07574
cifar100,asym20,0.05,1500,0.7,entropy,5,0.2,0.023103461073524595,0.06707027186379834,0.036997275135649835,0.19526
cifar100,asym20,0.05,1500,0.7,margin,5,0.2,0.024098308557161805,0.06816048721549899,0.036975231890739105,0.19002
cifar100,asym20,0.05,1500,0.7,maxlogit,5,0.0,0.0,0.1368657923353363,0.040188044356231745,0.0806
cifar100,asym20,0.05,1500,0.7,msp,5,0.2,0.022482781802170067,0.06737828846435333,0.03700417915594932,0.19436
cifar100,asym20,0.05,1500,1.0,energy,5,0.0,0.0,0.10070419184773208,0.05953073253714303,0.14656
cifar100,asym20,0.05,1500,1.0,entropy,5,0.0,0.0,0.07586925174901621,0.0479320162270527,0.24846
cifar100,asym20,0.05,1500,1.0,margin,5,0.0,0.0,0.07305332116218448,0.044964290054912905,0.22656
cifar100,asym20,0.05,1500,1.0,maxlogit,5,0.0,0.0,0.0998946180935921,0.06264285646846926,0.17388
cifar100,asym20,0.05,1500,1.0,msp,5,0.0,0.0,0.07268038000880737,0.04560981543443657,0.23485999999999999
cifar100,asym20,0.05,2000,0.5,energy,5,0.0,0.0,0.16049144688099387,0.03063870494192276,0.032499999999999994
cifar100,asym20,0.05,2000,0.5,entropy,5,0.6,0.07118842263380831,0.05121358430270356,0.023365944009645707,0.14465999999999998
cifar100,asym20,0.05,2000,0.5,margin,5,0.4,0.047930516169128495,0.053641494314434345,0.02629945580540846,0.14453999999999997
cifar100,asym20,0.05,2000,0.5,maxlogit,5,0.0,0.0,0.13920372026073896,0.03171935351564061,0.03726
cifar100,asym20,0.05,2000,0.5,msp,5,0.4,0.04623598333210786,0.05314737339616586,0.024454823331210036,0.14372000000000001
cifar100,asym20,0.05,2000,0.7,energy,5,0.0,0.0,0.12723834823563135,0.03664920034307351,0.05272
cifar100,asym20,0.05,2000,0.7,entropy,5,0.0,0.0,0.0624969947124419,0.03350426603939259,0.18388000000000002
cifar100,asym20,0.05,2000,0.7,margin,5,0.0,0.0,0.0677389792309948,0.03365753339017301,0.18178
cifar100,asym20,0.05,2000,0.7,maxlogit,5,0.0,0.0,0.09921012642504212,0.03603096261118727,0.061919999999999996
cifar100,asym20,0.05,2000,0.7,msp,5,0.0,0.0,0.06589325841830651,0.03596323512849046,0.19106
cifar100,asym20,0.05,2000,1.0,energy,5,0.0,0.0,0.10017052985769972,0.05621679467937559,0.13521999999999998
cifar100,asym20,0.05,2000,1.0,entropy,5,0.0,0.0,0.06964242497586495,0.045237036292390606,0.23666
cifar100,asym20,0.05,2000,1.0,margin,5,0.0,0.0,0.06768368385133078,0.044175685673107465,0.21932000000000001
cifar100,asym20,0.05,2000,1.0,maxlogit,5,0.0,0.0,0.09333809035120189,0.05889516940656927,0.16228
cifar100,asym20,0.05,2000,1.0,msp,5,0.0,0.0,0.06674318538551005,0.04550792968761798,0.23066
cifar100,asym20,0.05,250,0.5,energy,5,0.0,0.0,0.3276127810095835,0.044708627147079016,0.08336
cifar100,asym20,0.05,250,0.5,entropy,5,0.0,0.0,0.2208416954835585,0.024030933186934205,0.12442
cifar100,asym20,0.05,250,0.5,margin,5,0.0,0.0,0.21541595730929605,0.02544604218209992,0.11980000000000002
cifar100,asym20,0.05,250,0.5,maxlogit,5,0.0,0.0,0.3155626196617869,0.04239913698970386,0.08428
cifar100,asym20,0.05,250,0.5,msp,5,0.0,0.0,0.22757814655449643,0.024244806334715915,0.1213
cifar100,asym20,0.05,250,0.7,energy,5,0.0,0.0,0.21333418057439232,0.051395707767550106,0.11601999999999998
cifar100,asym20,0.05,250,0.7,entropy,5,0.0,0.0,0.19949606180186513,0.0336301467427205,0.17048000000000002
cifar100,asym20,0.05,250,0.7,margin,5,0.0,0.0,0.13915284809036188,0.044389344402667466,0.21962
cifar100,asym20,0.05,250,0.7,maxlogit,5,0.0,0.0,0.21462867330816446,0.04712185244349824,0.11288000000000001
cifar100,asym20,0.05,250,0.7,msp,5,0.0,0.0,0.14029315774895307,0.04158905574786107,0.21719999999999998
cifar100,asym20,0.05,250,1.0,energy,5,0.0,0.0,0.1975913903997339,0.05656600618196567,0.13599999999999998
cifar100,asym20,0.05,250,1.0,entropy,5,0.0,0.0,0.15193972651745585,0.047320201951653,0.24676
cifar100,asym20,0.05,250,1.0,margin,5,0.0,0.0,0.15012019927438564,0.053303808344209704,0.25894
cifar100,asym20,0.05,250,1.0,maxlogit,5,0.0,0.0,0.19852828212891896,0.0509259111778461,0.13201999999999997
cifar100,asym20,0.05,250,1.0,msp,5,0.0,0.0,0.1493332248752916,0.05116362479161,0.25682
cifar100,asym20,0.05,500,0.5,energy,5,0.0,0.0,0.40821269101114116,0.03770287357288642,0.047459999999999995
cifar100,asym20,0.05,500,0.5,entropy,5,0.0,0.0,0.09264420778353528,0.02417498020383211,0.13948
cifar100,asym20,0.05,500,0.5,margin,5,0.0,0.0,0.10999729388545039,0.027119186964533182,0.13586
cifar100,asym20,0.05,500,0.5,maxlogit,5,0.0,0.0,0.36744530465012654,0.034196642313459785,0.048639999999999996
cifar100,asym20,0.05,500,0.5,msp,5,0.0,0.0,0.09838774699829964,0.026070069795289346,0.14228000000000002
cifar100,asym20,0.05,500,0.7,energy,5,0.0,0.0,0.4052743071651486,0.039187549373572814,0.050940000000000006
cifar100,asym20,0.05,500,0.7,entropy,5,0.0,0.0,0.09055579376207741,0.02870314024911182,0.16654
cifar100,asym20,0.05,500,0.7,margin,5,0.0,0.0,0.1123639280066129,0.030027988048309286,0.15319999999999998
cifar100,asym20,0.05,500,0.7,maxlogit,5,0.0,0.0,0.36395556997055356,0.035332243323786754,0.05202
cifar100,asym20,0.05,500,0.7,msp,5,0.0,0.0,0.09406810085168141,0.030081648687451557,0.16544
cifar100,asym20,0.05,500,1.0,energy,5,0.0,0.0,0.1712965816441398,0.05143109577836051,0.11073999999999999
cifar100,asym20,0.05,500,1.0,entropy,5,0.0,0.0,0.09116367050674032,0.045532035427617856,0.23579999999999995
cifar100,asym20,0.05,500,1.0,margin,5,0.0,0.0,0.09232355607601994,0.048535376562238254,0.24196
cifar100,asym20,0.05,500,1.0,maxlogit,5,0.0,0.0,0.1565510367676353,0.0495376737331227,0.12434
cifar100,asym20,0.05,500,1.0,msp,5,0.0,0.0,0.09440483268695055,0.04648457083025155,0.23952
cifar100,asym20,0.05,full,0.5,energy,5,0.0,0.0,0.1426534809846898,0.026455026455026454,0.0189
cifar100,asym20,0.05,full,0.5,entropy,5,1.0,0.1253175518737647,0.04936260664934069,0.023858214042263123,0.1467
cifar100,asym20,0.05,full,0.5,margin,5,1.0,0.12645673344723138,0.04895347429143951,0.027192386131883073,0.1471
cifar100,asym20,0.05,full,0.5,maxlogit,5,0.0,0.0,0.11552072637884125,0.02857142857142857,0.0175
cifar100,asym20,0.05,full,0.5,msp,5,0.0,0.0,0.05274236613501795,0.02786573780873971,0.1579
cifar100,asym20,0.05,full,0.7,energy,5,0.0,0.0,0.0872631995441781,0.03639846743295019,0.0522
cifar100,asym20,0.05,full,0.7,entropy,5,0.0,0.0,0.060817333730362674,0.0354122621564482,0.1892
cifar100,asym20,0.05,full,0.7,margin,5,0.0,0.0,0.06570552730723175,0.034592868547099524,0.1879
cifar100,asym20,0.05,full,0.7,maxlogit,5,0.0,0.0,0.09841399995183454,0.044136191677175286,0.0793
cifar100,asym20,0.05,full,0.7,msp,5,0.0,0.0,0.06556652066062324,0.034592868547099524,0.1879
cifar100,asym20,0.05,full,1.0,energy,5,0.0,0.0,0.09579457823036751,0.06222222222222222,0.1575
cifar100,asym20,0.05,full,1.0,entropy,5,0.0,0.0,0.06745178923222793,0.04649232046492321,0.24089999999999998
cifar100,asym20,0.05,full,1.0,margin,5,0.0,0.0,0.0661918789064948,0.04504906333630687,0.2242
cifar100,asym20,0.05,full,1.0,maxlogit,5,0.0,0.0,0.08872156260170244,0.06195715112912566,0.1727
cifar100,asym20,0.05,full,1.0,msp,5,0.0,0.0,0.06503740094881187,0.0467687074829932,0.2352
cifar100,asym20,0.1,1000,0.5,energy,5,0.0,0.0,0.1413121809151194,0.05815376500100321,0.1497
cifar100,asym20,0.1,1000,0.5,entropy,5,0.6,0.1278446801437568,0.09432762711282386,0.05210619930852263,0.26578
cifar100,asym20,0.1,1000,0.5,margin,5,0.6,0.11646192273222482,0.09384414558901419,0.05309694459867721,0.26186
cifar100,asym20,0.1,1000,0.5,maxlogit,5,0.2,0.024611824872101343,0.13709466761937847,0.060641548188541186,0.16795999999999997
cifar100,asym20,0.1,1000,0.5,msp,5,0.8,0.1680256760008624,0.09353797819834263,0.05247249440153316,0.26374
cifar100,asym20,0.1,1000,0.7,energy,5,0.0,0.0,0.13867324698271283,0.07268361623398127,0.20486
cifar100,asym20,0.1,1000,0.7,entropy,5,0.2,0.046426669673079804,0.10862674197195168,0.07036360323991,0.34122
cifar100,asym20,0.1,1000,0.7,margin,5,0.2,0.0537194874443971,0.11067439681562392,0.07769589046853823,0.35894000000000004
cifar100,asym20,0.1,1000,0.7,maxlogit,5,0.2,0.02775595717146514,0.12933429661295728,0.07071110271163461,0.21456
cifar100,asym20,0.1,1000,0.7,msp,5,0.2,0.056034469280134294,0.10999007212236767,0.07504368235635016,0.35596
cifar100,asym20,0.1,1000,1.0,energy,5,0.0,0.0,0.14297351953149712,0.09434438556316538,0.3012
cifar100,asym20,0.1,1000,1.0,entropy,5,0.0,0.0,0.1293715578749806,0.10215042621099213,0.44765999999999995
cifar100,asym20,0.1,1000,1.0,margin,5,0.0,0.0,0.12559532771174764,0.09616879726434067,0.43194
cifar100,asym20,0.1,1000,1.0,maxlogit,5,0.0,0.0,0.13526076614359062,0.09344417457038232,0.31054000000000004
cifar100,asym20,0.1,1000,1.0,msp,5,0.0,0.0,0.12587469153638198,0.09768344166961321,0.43964
cifar100,asym20,0.1,1500,0.5,energy,5,0.6,0.06592041629858122,0.10070419184773208,0.05953073253714303,0.14656
cifar100,asym20,0.1,1500,0.5,entropy,5,1.0,0.21633785051324125,0.07586925174901621,0.0479320162270527,0.24846
cifar100,asym20,0.1,1500,0.5,margin,5,1.0,0.20253778460571797,0.07305332116218448,0.044964290054912905,0.22656
cifar100,asym20,0.1,1500,0.5,maxlogit,5,0.6,0.08655596265641137,0.0998946180935921,0.06264285646846926,0.17388
cifar100,asym20,0.1,1500,0.5,msp,5,1.0,0.20510115508731808,0.07268038000880737,0.04560981543443657,0.23485999999999999
cifar100,asym20,0.1,1500,0.7,energy,5,0.2,0.029101946823355634,0.10688885920522537,0.07014262139868503,0.19382
cifar100,asym20,0.1,1500,0.7,entropy,5,0.6,0.15737211566141646,0.0902526470031769,0.06406296189512688,0.31392000000000003
cifar100,asym20,0.1,1500,0.7,margin,5,0.6,0.14422664513200106,0.08657831845364965,0.06292738641299098,0.30096
cifar100,asym20,0.1,1500,0.7,maxlogit,5,0.2,0.030863605212866612,0.10288361308650788,0.06846504930421289,0.2061
cifar100,asym20,0.1,1500,0.7,msp,5,0.6,0.14990160452177334,0.08938808564709969,0.06226718819774237,0.30726
cifar100,asym20,0.1,1500,1.0,energy,5,0.0,0.0,0.1206876401199177,0.08812072783847066,0.26616
cifar100,asym20,0.1,1500,1.0,entropy,5,0.2,0.06778285184306929,0.1140817464601482,0.08873372332951698,0.41074
cifar100,asym20,0.1,1500,1.0,margin,5,0.0,0.0,0.11333773972262892,0.09015294144389088,0.41112000000000004
cifar100,asym20,0.1,1500,1.0,maxlogit,5,0.0,0.0,0.11585150433420635,0.0872767887335362,0.27908
cifar100,asym20,0.1,1500,1.0,msp,5,0.2,0.07000684746056586,0.1146433374583629,0.09079178732627602,0.41834
cifar100,asym20,0.1,2000,0.5,energy,5,0.4,0.049841652201475885,0.10017052985769972,0.05621679467937559,0.13521999999999998
cifar100,asym20,0.1,2000,0.5,entropy,5,1.0,0.20742493411850224,0.06964242497586495,0.045237036292390606,0.23666
cifar100,asym20,0.1,2000,0.5,margin,5,1.0,0.1977986507576276,0.06768368385133078,0.044175685673107465,0.21932000000000001
cifar100,asym20,0.1,2000,0.5,maxlogit,5,1.0,0.1334322342685968,0.09333809035120189,0.05889516940656927,0.16228
cifar100,asym20,0.1,2000,0.5,msp,5,1.0,0.20270588380863655,0.06674318538551005,0.04550792968761798,0.23066
cifar100,asym20,0.1,2000,0.7,energy,5,0.6,0.088594674434877,0.09642682102740939,0.06819759559668107,0.18522
cifar100,asym20,0.1,2000,0.7,entropy,5,1.0,0.26450329470935335,0.07952893662737913,0.06077166776741485,0.29653999999999997
cifar100,asym20,0.1,2000,0.7,margin,5,1.0,0.2592612388581514,0.08285569528569349,0.05985904156660214,0.29242
cifar100,asym20,0.1,2000,0.7,maxlogit,5,1.0,0.16140269010426117,0.09318649693371374,0.06617806624998981,0.19622
cifar100,asym20,0.1,2000,0.7,msp,5,1.0,0.2696823490762224,0.08484103020217681,0.06031640489542774,0.29952
cifar100,asym20,0.1,2000,1.0,energy,5,0.0,0.0,0.10712784389422736,0.08432755772277828,0.25198
cifar100,asym20,0.1,2000,1.0,entropy,5,0.2,0.06883995076209647,0.10794278171327638,0.08642956582723246,0.40304
cifar100,asym20,0.1,2000,1.0,margin,5,0.0,0.0,0.10569329748551197,0.0878889139268271,0.40208000000000005
cifar100,asym20,0.1,2000,1.0,maxlogit,5,0.0,0.0,0.10520141569638848,0.08438910061361063,0.2655200000000001
cifar100,asym20,0.1,2000,1.0,msp,5,0.0,0.0,0.10740147842024661,0.0886200150111049,0.41197999999999996
cifar100,asym20,0.1,250,0.5,energy,5,0.0,0.0,0.1975913903997339,0.05656600618196567,0.13599999999999998
cifar100,asym20,0.1,250,0.5,entropy,5,0.0,0.0,0.15193972651745585,0.047320201951653,0.24676
cifar100,asym20,0.1,250,0.5,margin,5,0.0,0.0,0.15012019927438564,0.053303808344209704,0.25894
cifar100,asym20,0.1,250,0.5,maxlogit,5,0.0,0.0,0.19852828212891896,0.0509259111778461,0.13201999999999997
cifar100,asym20,0.1,250,0.5,msp,5,0.0,0.0,0.1493332248752916,0.05116362479161,0.25682
cifar100,asym20,0.1,250,0.7,energy,5,0.0,0.0,0.1949995239154397,0.06601623049387248,0.17795999999999998
cifar100,asym20,0.1,250,0.7,entropy,5,0.2,0.04649841248553118,0.14346536819342465,0.07142418927904151,0.34198
cifar100,asym20,0.1,250,0.7,margin,5,0.0,0.0,0.1568191445882176,0.07299300322752464,0.33528
cifar100,asym20,0.1,250,0.7,maxlogit,5,0.2,0.04139112391439554,0.1673696846844083,0.06612164134969716,0.1943
cifar100,asym20,0.1,250,0.7,msp,5,0.2,0.04284380745840511,0.1387946081996293,0.07150526111041587,0.34052000000000004
cifar100,asym20,0.1,250,1.0,energy,5,0.0,0.0,0.16649216632684014,0.08234658200127218,0.24681999999999998
cifar100,asym20,0.1,250,1.0,entropy,5,0.0,0.0,0.14971467290617993,0.09910338254871606,0.43772
cifar100,asym20,0.1,250,1.0,margin,5,0.2,0.08299633553897767,0.1521084066077098,0.10097888732380692,0.44218
cifar100,asym20,0.1,250,1.0,maxlogit,5,0.0,0.0,0.15560803031535242,0.08502978953009757,0.27088
cifar100,asym20,0.1,250,1.0,msp,5,0.2,0.08378124719387511,0.15108123854941702,0.09719410512729895,0.43635999999999997
cifar100,asym20,0.1,500,0.5,energy,5,0.0,0.0,0.1712965816441398,0.05143109577836051,0.11073999999999999
cifar100,asym20,0.1,500,0.5,entropy,5,0.4,0.08167195341069315,0.09116367050674032,0.045532035427617856,0.23579999999999995
cifar100,asym20,0.1,500,0.5,margin,5,0.6,0.12783778239951468,0.09232355607601994,0.048535376562238254,0.24196
cifar100,asym20,0.1,500,0.5,maxlogit,5,0.0,0.0,0.1565510367676353,0.0495376737331227,0.12434
cifar100,asym20,0.1,500,0.5,msp,5,0.6,0.12447439956491842,0.09440483268695055,0.04648457083025155,0.23952
cifar100,asym20,0.1,500,0.7,energy,5,0.0,0.0,0.1423254478780483,0.07555782680299335,0.21648
cifar100,asym20,0.1,500,0.7,entropy,5,0.4,0.11151942900396654,0.10218736463566933,0.062120376589574255,0.3054
cifar100,asym20,0.1,500,0.7,margin,5,0.4,0.1153426887696187,0.10760898165946156,0.0653027433432181,0.31144
cifar100,asym20,0.1,500,0.7,maxlogit,5,0.0,0.0,0.13559118298989806,0.07171109982424562,0.21999999999999997
cifar100,asym20,0.1,500,0.7,msp,5,0.4,0.11421724115368681,0.110461569775792,0.07004793891966228,0.33878
cifar100,asym20,0.1,500,1.0,energy,5,0.0,0.0,0.15374802088122755,0.09884254619685942,0.3135
cifar100,asym20,0.1,500,1.0,entropy,5,0.2,0.08202007820987947,0.12507458125404794,0.08762678205841512,0.4053
cifar100,asym20,0.1,500,1.0,margin,5,0.2,0.0859639854499354,0.12602491234391913,0.08967218832549308,0.40562
cifar100,asym20,0.1,500,1.0,maxlogit,5,0.2,0.03764414233430548,0.14715217523675458,0.09674321431510152,0.32386
cifar100,asym20,0.1,500,1.0,msp,5,0.2,0.0859639854499354,0.1241787375383798,0.08766661827056448,0.4039400000000001
cifar100,asym20,0.1,full,0.5,energy,5,1.0,0.13101744014805866,0.09579457823036751,0.06222222222222222,0.1575
cifar100,asym20,0.1,full,0.5,entropy,5,1.0,0.21282611431119633,0.06745178923222793,0.04649232046492321,0.24089999999999998
cifar100,asym20,0.1,full,0.5,margin,5,1.0,0.20276676974426283,0.0661918789064948,0.04504906333630687,0.2242
cifar100,asym20,0.1,full,0.5,maxlogit,5,1.0,0.14244571154871327,0.08872156260170244,0.06195715112912566,0.1727
cifar100,asym20,0.1,full,0.5,msp,5,1.0,0.20663366751359602,0.06503740094881187,0.0467687074829932,0.2352
cifar100,asym20,0.1,full,0.7,energy,5,1.0,0.15812053645250906,0.09700677398983955,0.06986444212721585,0.1918
cifar100,asym20,0.1,full,0.7,entropy,5,1.0,0.2852494996306846,0.08204774406287986,0.06628787878787878,0.3168
cifar100,asym20,0.1,full,0.7,margin,5,1.0,0.2742998750446285,0.08198770424715177,0.06373983739837398,0.3075
cifar100,asym20,0.1,full,0.7,maxlogit,5,1.0,0.1631030910868559,0.0863414745666182,0.0670391061452514,0.1969
cifar100,asym20,0.1,full,0.7,msp,5,1.0,0.27625402317756526,0.0860954702722079,0.06254071661237785,0.307
cifar100,asym20,0.1,full,1.0,energy,5,0.0,0.0,0.10735344956972932,0.08893871449925261,0.2676
cifar100,asym20,0.1,full,1.0,entropy,5,0.0,0.0,0.10971375212172443,0.08891595615103533,0.4105
cifar100,asym20,0.1,full,1.0,margin,5,0.0,0.0,0.10323948293109242,0.08900778210116732,0.4112
cifar100,asym20,0.1,full,1.0,maxlogit,5,0.0,0.0,0.10633763019024098,0.08787989747345294,0.2731
cifar100,asym20,0.1,full,1.0,msp,5,0.0,0.0,0.10649780335231245,0.09005763688760807,0.4164
cifar100,sym35,0.05,1000,0.5,energy,5,0.0,0.0,0.17876275571277078,0.03600944713754038,0.04381999999999999
cifar100,sym35,0.05,1000,0.5,entropy,5,0.0,0.0,0.12246664317818516,0.0450513821395299,0.096
cifar100,sym35,0.05,1000,0.5,margin,5,0.0,0.0,0.12601260263428718,0.04565111619024757,0.09645999999999999
cifar100,sym35,0.05,1000,0.5,maxlogit,5,0.0,0.0,0.14126545856587944,0.03633285741965554,0.047299999999999995
cifar100,sym35,0.05,1000,0.5,msp,5,0.0,0.0,0.13342642313905745,0.046667176453674325,0.09962
cifar100,sym35,0.05,1000,0.7,energy,5,0.0,0.0,0.14153612065855206,0.03945360180351383,0.05689999999999999
cifar100,sym35,0.05,1000,0.7,entropy,5,0.0,0.0,0.12296249293062807,0.05581357615806413,0.11510000000000001
cifar100,sym35,0.05,1000,0.7,margin,5,0.0,0.0,0.12349824471755258,0.051830774289575963,0.1079
cifar100,sym35,0.05,1000,0.7,maxlogit,5,0.0,0.0,0.14371608433492442,0.0458843909797685,0.06782
cifar100,sym35,0.05,1000,0.7,msp,5,0.0,0.0,0.1281716505789371,0.052864307602440354,0.10968
cifar100,sym35,0.05,1000,1.0,energy,5,0.0,0.0,0.1251329553909939,0.05792348962625341,0.09148
cifar100,sym35,0.05,1000,1.0,entropy,5,0.0,0.0,0.1285460689436874,0.07191014481698917,0.1649
cifar100,sym35,0.05,1000,1.0,margin,5,0.0,0.0,0.1266899262928378,0.07014809374246464,0.16782000000000002
cifar100,sym35,0.05,1000,1.0,maxlogit,5,0.0,0.0,0.1279347431913437,0.05893319274997401,0.09676
cifar100,sym35,0.05,1000,1.0,msp,5,0.0,0.0,0.12871821280889645,0.07158337550890376,0.16988
cifar100,sym35,0.05,1500,0.5,energy,5,0.0,0.0,0.1386868439708468,0.03742670040096509,0.03796
cifar100,sym35,0.05,1500,0.5,entropy,5,0.0,0.0,0.12311083611298339,0.03821815830728097,0.07665999999999999
cifar100,sym35,0.05,1500,0.5,margin,5,0.0,0.0,0.1324345684996438,0.037723442801013155,0.07276
cifar100,sym35,0.05,1500,0.5,maxlogit,5,0.0,0.0,0.1424548047359269,0.03547117386362922,0.03934
cifar100,sym35,0.05,1500,0.5,msp,5,0.0,0.0,0.1412819711527775,0.038533801862606076,0.07569999999999999
cifar100,sym35,0.05,1500,0.7,energy,5,0.0,0.0,0.12991073575505566,0.03753372340703069,0.04494
cifar100,sym35,0.05,1500,0.7,entropy,5,0.0,0.0,0.10086867078482582,0.06072746779058095,0.13762000000000002
cifar100,sym35,0.05,1500,0.7,margin,5,0.0,0.0,0.09656788910915923,0.06190791595478268,0.13821999999999998
cifar100,sym35,0.05,1500,0.7,maxlogit,5,0.0,0.0,0.12635918230271864,0.037049756441595624,0.04782
cifar100,sym35,0.05,1500,0.7,msp,5,0.0,0.0,0.09805458034012743,0.06141884159861831,0.14051999999999998
cifar100,sym35,0.05,1500,1.0,energy,5,0.0,0.0,0.10798095552730944,0.04638103888067953,0.06762
cifar100,sym35,0.05,1500,1.0,entropy,5,0.0,0.0,0.11847705031770366,0.07462430576477906,0.16718000000000002
cifar100,sym35,0.05,1500,1.0,margin,5,0.0,0.0,0.11490069094996672,0.07279816230607483,0.1705
cifar100,sym35,0.05,1500,1.0,maxlogit,5,0.0,0.0,0.11214042526638819,0.05129731315606141,0.07538
cifar100,sym35,0.05,1500,1.0,msp,5,0.0,0.0,0.11877084243096936,0.07422927522645636,0.1749
cifar100,sym35,0.05,2000,0.5,energy,5,0.0,0.0,0.10462758856889987,0.03012199263971848,0.03512
cifar100,sym35,0.05,2000,0.5,entropy,5,0.0,0.0,0.08191704623271998,0.04150881606118617,0.08907999999999999
cifar100,sym35,0.05,2000,0.5,margin,5,0.0,0.0,0.06836735262611342,0.038715913521189485,0.07578
cifar100,sym35,0.05,2000,0.5,maxlogit,5,0.0,0.0,0.09764808693940265,0.030148915950861648,0.0351
cifar100,sym35,0.05,2000,0.5,msp,5,0.0,0.0,0.07536794152536999,0.042231630707671816,0.08796
cifar100,sym35,0.05,2000,0.7,energy,5,0.0,0.0,0.08944640206099173,0.031399062991008884,0.04179999999999999
cifar100,sym35,0.05,2000,0.7,entropy,5,0.0,0.0,0.0839635794280676,0.05659009586524142,0.12123999999999999
cifar100,sym35,0.05,2000,0.7,margin,5,0.0,0.0,0.07931720394170357,0.05508050011578451,0.11579999999999999
cifar100,sym35,0.05,2000,0.7,maxlogit,5,0.0,0.0,0.08267869604879277,0.03471789851946412,0.048940000000000004
cifar100,sym35,0.05,2000,0.7,msp,5,0.0,0.0,0.08462042960108115,0.05672261301403057,0.12026
cifar100,sym35,0.05,2000,1.0,energy,5,0.0,0.0,0.08639905982118365,0.05721846749095716,0.0863
cifar100,sym35,0.05,2000,1.0,entropy,5,0.0,0.0,0.10523037677226521,0.06709540548615633,0.1519
cifar100,sym35,0.05,2000,1.0,margin,5,0.0,0.0,0.10087422956447993,0.0672368005964988,0.15196
cifar100,sym35,0.05,2000,1.0,maxlogit,5,0.0,0.0,0.08735638515847557,0.05719297112427542,0.09002000000000002
cifar100,sym35,0.05,2000,1.0,msp,5,0.0,0.0,0.10055317794317667,0.06729599373213917,0.15330000000000002
cifar100,sym35,0.05,250,0.5,energy,5,0.0,0.0,0.5548972654405635,0.039142586872673225,0.03922
cifar100,sym35,0.05,250,0.5,entropy,5,0.0,0.0,0.5079910139723276,0.02829544156486275,0.03966
cifar100,sym35,0.05,250,0.5,margin,5,0.0,0.0,0.5405252738966093,0.022808709463630776,0.032479999999999995
cifar100,sym35,0.05,250,0.5,maxlogit,5,0.0,0.0,0.5681802078265819,0.037689846085283495,0.0385
cifar100,sym35,0.05,250,0.5,msp,5,0.0,0.0,0.5507947213694007,0.023564013901741985,0.03918
cifar100,sym35,0.05,250,0.7,energy,5,0.0,0.0,0.46783614171930255,0.04511487819648967,0.05469999999999999
cifar100,sym35,0.05,250,0.7,entropy,5,0.0,0.0,0.4223183930168931,0.037303717359821194,0.06414
cifar100,sym35,0.05,250,0.7,margin,5,0.0,0.0,0.43461339423952355,0.03457222373840928,0.06042000000000001
cifar100,sym35,0.05,250,0.7,maxlogit,5,0.0,0.0,0.4811190841053207,0.04437654326824008,0.0541
cifar100,sym35,0.05,250,0.7,msp,5,0.0,0.0,0.45383399664645563,0.03300421264276811,0.0631
cifar100,sym35,0.05,250,1.0,energy,5,0.0,0.0,0.4800764796284797,0.049435676015928035,0.06217999999999999
cifar100,sym35,0.05,250,1.0,entropy,5,0.0,0.0,0.33403170464966736,0.046381957479353184,0.09195999999999999
cifar100,sym35,0.05,250,1.0,margin,5,0.0,0.0,0.3436963433390081,0.04726237577681983,0.0975
cifar100,sym35,0.05,250,1.0,maxlogit,5,0.0,0.0,0.49335942201449806,0.0479666092502369,0.06114000000000001
cifar100,sym35,0.05,250,1.0,msp,5,0.0,0.0,0.34451224358703286,0.0447556186822187,0.09434
cifar100,sym35,0.05,500,0.5,energy,5,0.0,0.0,0.2646370613309984,0.03367825480241711,0.03834
cifar100,sym35,0.05,500,0.5,entropy,5,0.0,0.0,0.20867584838381498,0.04490111101224638,0.0937
cifar100,sym35,0.05,500,0.5,margin,5,0.0,0.0,0.20940047399037867,0.04629905098383759,0.09308000000000001
cifar100,sym35,0.05,500,0.5,maxlogit,5,0.0,0.0,0.2259463825634454,0.03563923965939409,0.04478
cifar100,sym35,0.05,500,0.5,msp,5,0.0,0.0,0.2100350745020816,0.04391070566365994,0.09104
cifar100,sym35,0.05,500,0.7,energy,5,0.0,0.0,0.2379488778848385,0.041476781211384615,0.05118
cifar100,sym35,0.05,500,0.7,entropy,5,0.0,0.0,0.19142377150583748,0.04743658757648086,0.10142
cifar100,sym35,0.05,500,0.7,margin,5,0.0,0.0,0.14180271938567632,0.05976357564665415,0.13104
cifar100,sym35,0.05,500,0.7,maxlogit,5,0.0,0.0,0.22130921272772128,0.041160803161829636,0.05416
cifar100,sym35,0.05,500,0.7,msp,5,0.0,0.0,0.15223843141829935,0.056870399402345485,0.12288000000000002
cifar100,sym35,0.05,500,1.0,energy,5,0.0,0.0,0.22652722663466474,0.05136943404258504,0.07150000000000001
cifar100,sym35,0.05,500,1.0,entropy,5,0.0,0.0,0.15065061923302722,0.06977507366554037,0.16052
cifar100,sym35,0.05,500,1.0,margin,5,0.0,0.0,0.15945414097413935,0.07585185987200749,0.18108
cifar100,sym35,0.05,500,1.0,maxlogit,5,0.0,0.0,0.18395334654868722,0.045333888624344246,0.06428
cifar100,sym35,0.05,500,1.0,msp,5,0.0,0.0,0.16203033186763519,0.07675744766742029,0.181
cifar100,sym35,0.05,full,0.5,energy,5,0.0,0.0,0.11020848035613517,0.03398058252427184,0.0206
cifar100,sym35,0.05,full,0.5,entropy,5,0.0,0.0,0.07353371304491334,0.04597701149425287,0.1044
cifar100,sym35,0.05,full,0.5,margin,5,0.0,0.0,0.0779390283536675,0.025925925925925925,0.027000000000000003
cifar100,sym35,0.05,full,0.5,maxlogit,5,0.0,0.0,0.09492676083994023,0.0326530612244898,0.0245
cifar100,sym35,0.05,full,0.5,msp,5,0.0,0.0,0.06310777406229831,0.044530493707647625,0.10329999999999999
cifar100,sym35,0.05,full,0.7,energy,5,0.0,0.0,0.06524222729899926,0.029350104821802937,0.0477
cifar100,sym35,0.05,full,0.7,entropy,5,0.0,0.0,0.07099913228547068,0.05721393034825871,0.1206
cifar100,sym35,0.05,full,0.7,margin,5,0.0,0.0,0.07317362958147866,0.05555555555555556,0.11700000000000002
cifar100,sym35,0.05,full,0.7,maxlogit,5,0.0,0.0,0.07210998593118367,0.027906976744186046,0.043
cifar100,sym35,0.05,full,0.7,msp,5,0.0,0.0,0.07604144913980197,0.05618892508143323,0.12279999999999999
cifar100,sym35,0.05,full,1.0,energy,5,0.0,0.0,0.07127799024194682,0.06026785714285714,0.0896
cifar100,sym35,0.05,full,1.0,entropy,5,0.0,0.0,0.09302480529485967,0.06560636182902585,0.1509
cifar100,sym35,0.05,full,1.0,margin,5,0.0,0.0,0.09635622701169652,0.06671026814911707,0.1529
cifar100,sym35,0.05,full,1.0,maxlogit,5,0.0,0.0,0.06993665216286102,0.05888767720828789,0.0917
cifar100,sym35,0.05,full,1.0,msp,5,0.0,0.0,0.09356422639125783,0.06397306397306397,0.1485
cifar100,sym35,0.1,1000,0.5,energy,5,0.0,0.0,0.1251329553909939,0.05792348962625341,0.09148
cifar100,sym35,0.1,1000,0.5,entropy,5,0.0,0.0,0.1285460689436874,0.07191014481698917,0.1649
cifar100,sym35,0.1,1000,0.5,margin,5,0.0,0.0,0.1266899262928378,0.07014809374246464,0.16782000000000002
cifar100,sym35,0.1,1000,0.5,maxlogit,5,0.0,0.0,0.1279347431913437,0.05893319274997401,0.09676
cifar100,sym35,0.1,1000,0.5,msp,5,0.0,0.0,0.12871821280889645,0.07158337550890376,0.16988
cifar100,sym35,0.1,1000,0.7,energy,5,0.2,0.007150287931273001,0.14102643890302305,0.0774327539236965,0.12879999999999997
cifar100,sym35,0.1,1000,0.7,entropy,5,0.0,0.0,0.1391525741048864,0.08236391433856018,0.19322
cifar100,sym35,0.1,1000,0.7,margin,5,0.0,0.0,0.1427478734043364,0.08554340866362943,0.21864
cifar100,sym35,0.1,1000,0.7,maxlogit,5,0.2,0.006982146594849037,0.13939220147526887,0.07930325883246021,0.13792
cifar100,sym35,0.1,1000,0.7,msp,5,0.0,0.0,0.14116926291688317,0.08329647829894807,0.2062
cifar100,sym35,0.1,1000,1.0,energy,5,0.0,0.0,0.1658503779419717,0.11041974543388933,0.19890000000000002
cifar100,sym35,0.1,1000,1.0,entropy,5,0.0,0.0,0.1676790469691716,0.1057715059231894,0.27412
cifar100,sym35,0.1,1000,1.0,margin,5,0.0,0.0,0.16506651572498857,0.11260175783191943,0.28798
cifar100,sym35,0.1,1000,1.0,maxlogit,5,0.0,0.0,0.16988595694649083,0.1095602967545241,0.20522
cifar100,sym35,0.1,1000,1.0,msp,5,0.0,0.0,0.162958368132603,0.10949723162459177,0.2819
cifar100,sym35,0.1,1500,0.5,energy,5,0.2,0.013781253434826255,0.10798095552730944,0.04638103888067953,0.06762
cifar100,sym35,0.1,1500,0.5,entropy,5,0.0,0.0,0.11847705031770366,0.07462430576477906,0.16718000000000002
cifar100,sym35,0.1,1500,0.5,margin,5,0.0,0.0,0.11490069094996672,0.07279816230607483,0.1705
cifar100,sym35,0.1,1500,0.5,maxlogit,5,0.4,0.024681314755940324,0.11214042526638819,0.05129731315606141,0.07538
cifar100,sym35,0.1,1500,0.5,msp,5,0.2,0.021367793204908423,0.11877084243096936,0.07422927522645636,0.1749
cifar100,sym35,0.1,1500,0.7,energy,5,0.4,0.03317213606702987,0.12256783857769797,0.08220668701989839,0.13462000000000002
cifar100,sym35,0.1,1500,0.7,entropy,5,0.0,0.0,0.13378303947500628,0.0829984829344935,0.19842
cifar100,sym35,0.1,1500,0.7,margin,5,0.0,0.0,0.13131364540268894,0.08208407931885234,0.20389999999999997
cifar100,sym35,0.1,1500,0.7,maxlogit,5,0.2,0.013781253434826255,0.12566192684125976,0.08430993467135914,0.14274
cifar100,sym35,0.1,1500,0.7,msp,5,0.0,0.0,0.12699751038945611,0.0799260776494373,0.19568
cifar100,sym35,0.1,1500,1.0,energy,5,0.2,0.024222812578489142,0.154814896388296,0.10874836312422129,0.19354
cifar100,sym35,0.1,1500,1.0,entropy,5,0.0,0.0,0.16715392995464862,0.1092046918836406,0.27972
cifar100,sym35,0.1,1500,1.0,margin,5,0.0,0.0,0.16721494738188486,0.11280940468248483,0.28837999999999997
cifar100,sym35,0.1,1500,1.0,maxlogit,5,0.0,0.0,0.1627161742780149,0.11112707985276145,0.20632
cifar100,sym35,0.1,1500,1.0,msp,5,0.0,0.0,0.16807795276047852,0.11527858044387389,0.29574
cifar100,sym35,0.1,2000,0.5,energy,5,1.0,0.06485139907656454,0.08639905982118365,0.05721846749095716,0.0863
cifar100,sym35,0.1,2000,0.5,entropy,5,0.2,0.023070930564812835,0.10523037677226521,0.06709540548615633,0.1519
cifar100,sym35,0.1,2000,0.5,margin,5,0.2,0.02335304147801831,0.10087422956447993,0.0672368005964988,0.15196
cifar100,sym35,0.1,2000,0.5,maxlogit,5,1.0,0.06824919166464875,0.08735638515847557,0.05719297112427542,0.09002000000000002
cifar100,sym35,0.1,2000,0.5,msp,5,0.6,0.0715653953084087,0.10055317794317667,0.06729599373213917,0.15330000000000002
cifar100,sym35,0.1,2000,0.7,energy,5,0.4,0.03624131577075576,0.10921129025333667,0.08117266827411523,0.13286
cifar100,sym35,0.1,2000,0.7,entropy,5,0.0,0.0,0.11564740263219848,0.08014484277816,0.18838
cifar100,sym35,0.1,2000,0.7,margin,5,0.0,0.0,0.12075222714598813,0.081701816620836,0.20342000000000002
cifar100,sym35,0.1,2000,0.7,maxlogit,5,0.6,0.0618082929524145,0.11047167219246519,0.08349854649794179,0.14276
cifar100,sym35,0.1,2000,0.7,msp,5,0.0,0.0,0.11686091894566024,0.08004630463832411,0.19838
cifar100,sym35,0.1,2000,1.0,energy,5,0.0,0.0,0.15564652056764977,0.10847752961727926,0.19054
cifar100,sym35,0.1,2000,1.0,entropy,5,0.0,0.0,0.14764755247351005,0.09980764600571794,0.2605
cifar100,sym35,0.1,2000,1.0,margin,5,0.0,0.0,0.15773541147076134,0.10813013948791783,0.28034
cifar100,sym35,0.1,2000,1.0,maxlogit,5,0.0,0.0,0.16012679696463805,0.11136599086854378,0.20474
cifar100,sym35,0.1,2000,1.0,msp,5,0.0,0.0,0.1499228160780605,0.09965272397658212,0.26276
cifar100,sym35,0.1,250,0.5,energy,5,0.0,0.0,0.4800764796284797,0.049435676015928035,0.06217999999999999
cifar100,sym35,0.1,250,0.5,entropy,5,0.0,0.0,0.33403170464966736,0.046381957479353184,0.09195999999999999
cifar100,sym35,0.1,250,0.5,margin,5,0.2,0.02650330017638542,0.3436963433390081,0.04726237577681983,0.0975
cifar100,sym35,0.1,250,0.5,maxlogit,5,0.0,0.0,0.49335942201449806,0.0479666092502369,0.06114000000000001
cifar100,sym35,0.1,250,0.5,msp,5,0.0,0.0,0.34451224358703286,0.0447556186822187,0.09434
cifar100,sym35,0.1,250,0.7,energy,5,0.0,0.0,0.3030821029073004,0.07153427083160122,0.11400000000000002
cifar100,sym35,0.1,250,0.7,entropy,5,0.0,0.0,0.25712896026128507,0.06459750809170653,0.14268
cifar100,sym35,0.1,250,0.7,margin,5,0.2,0.028584122906874516,0.2526834531739066,0.06279567801748494,0.14594000000000001
cifar100,sym35,0.1,250,0.7,maxlogit,5,0.0,0.0,0.3030821029073004,0.06887472922867317,0.11272
cifar100,sym35,0.1,250,0.7,msp,5,0.2,0.025813653888638988,0.26685058434518305,0.062483192886669016,0.14823999999999998
cifar100,sym35,0.1,250,1.0,energy,5,0.0,0.0,0.2881737904601737,0.07627202374621929,0.12924
cifar100,sym35,0.1,250,1.0,entropy,5,0.0,0.0,0.2660255473499147,0.105318547742043,0.25579999999999997
cifar100,sym35,0.1,250,1.0,margin,5,0.0,0.0,0.26173582623931757,0.11225689683483768,0.28004
cifar100,sym35,0.1,250,1.0,maxlogit,5,0.0,0.0,0.2983642146123181,0.08090672496234272,0.1426
cifar100,sym35,0.1,250,1.0,msp,5,0.0,0.0,0.2577628536568163,0.10807153819934082,0.27005999999999997
cifar100,sym35,0.1,500,0.5,energy,5,0.0,0.0,0.22652722663466474,0.05136943404258504,0.07150000000000001
cifar100,sym35,0.1,500,0.5,entropy,5,0.0,0.0,0.15065061923302722,0.06977507366554037,0.16052
cifar100,sym35,0.1,500,0.5,margin,5,0.0,0.0,0.15945414097413935,0.07585185987200749,0.18108
cifar100,sym35,0.1,500,0.5,maxlogit,5,0.0,0.0,0.18395334654868722,0.045333888624344246,0.06428
cifar100,sym35,0.1,500,0.5,msp,5,0.0,0.0,0.16203033186763519,0.07675744766742029,0.181
cifar100,sym35,0.1,500,0.7,energy,5,0.0,0.0,0.1891065440895649,0.0706222421739644,0.11880000000000002
cifar100,sym35,0.1,500,0.7,entropy,5,0.0,0.0,0.15939752556369635,0.08103695477291947,0.19036
cifar100,sym35,0.1,500,0.7,margin,5,0.0,0.0,0.17470093848879784,0.085336690933393,0.21404
cifar100,sym35,0.1,500,0.7,maxlogit,5,0.0,0.0,0.18488767155131,0.06937547744576264,0.11884000000000002
cifar100,sym35,0.1,500,0.7,msp,5,0.0,0.0,0.1614051576291666,0.08149104402473373,0.20034000000000002
cifar100,sym35,0.1,500,1.0,energy,5,0.0,0.0,0.19833721225809797,0.11119098228004923,0.20137999999999998
cifar100,sym35,0.1,500,1.0,entropy,5,0.0,0.0,0.18341856779582272,0.10189477143715382,0.2659
cifar100,sym35,0.1,500,1.0,margin,5,0.0,0.0,0.19162696471073268,0.10890820778679396,0.28278
cifar100,sym35,0.1,500,1.0,maxlogit,5,0.0,0.0,0.2048504307968467,0.11352250164997697,0.21627999999999997
cifar100,sym35,0.1,500,1.0,msp,5,0.0,0.0,0.18856694563766938,0.10202015020137076,0.26752
cifar100,sym35,0.1,full,0.5,energy,5,1.0,0.06900042537372392,0.07127799024194682,0.06026785714285714,0.0896
cifar100,sym35,0.1,full,0.5,entropy,5,1.0,0.12000681688600479,0.09302480529485967,0.06560636182902585,0.1509
cifar100,sym35,0.1,full,0.5,margin,5,1.0,0.12038585186258635,0.09635622701169652,0.06671026814911707,0.1529
cifar100,sym35,0.1,full,0.5,maxlogit,5,1.0,0.07048149639837972,0.06993665216286102,0.05888767720828789,0.0917
cifar100,sym35,0.1,full,0.5,msp,5,1.0,0.1192488896497595,0.09356422639125783,0.06397306397306397,0.1485
cifar100,sym35,0.1,full,0.7,energy,5,1.0,0.10488641151184255,0.09277229750010943,0.07816091954022988,0.1305
cifar100,sym35,0.1,full,0.7,entropy,5,0.0,0.0,0.11096646007097133,0.08126293995859213,0.1932
cifar100,sym35,0.1,full,0.7,margin,5,0.0,0.0,0.11503442707620745,0.08221892025755324,0.20190000000000002
cifar100,sym35,0.1,full,0.7,maxlogit,5,1.0,0.10677187412032725,0.09942979843915638,0.07726931732933233,0.1333
cifar100,sym35,0.1,full,0.7,msp,5,0.0,0.0,0.11158085084189676,0.0802192326856004,0.20069999999999996
cifar100,sym35,0.1,full,1.0,energy,5,0.0,0.0,0.15303290255394453,0.10896767466110532,0.1918
cifar100,sym35,0.1,full,1.0,entropy,5,0.0,0.0,0.14231222060570387,0.10177646188008882,0.2702
cifar100,sym35,0.1,full,1.0,margin,5,0.0,0.0,0.15173618929039215,0.10652557319223985,0.2835
cifar100,sym35,0.1,full,1.0,maxlogit,5,0.0,0.0,0.15447229801885778,0.11138370951913641,0.20380000000000004
cifar100,sym35,0.1,full,1.0,msp,5,0.0,0.0,0.14231781225638424,0.10075471698113207,0.265
